source_file,label,split
crying/S-211104_H_302_C_010_0001.wav,crying,train
crying/S-211026_H_302_C_004_0001.wav,crying,train
crying/esc50__crying_baby__ESC50_1-60997-B-20.wav,crying,train
crying/S-211022_H_302_C_012_0001.wav,crying,train
crying/S-211106_H_302_C_012_0001.wav,crying,train
crying/esc50__crying_baby__ESC50_4-167077-B-20.wav,crying,train
crying/S-211022_H_302_C_003_0001.wav,crying,train
crying/S-211024_H_302_C_005_0001.wav,crying,train
crying/S-211028_H_302_C_020_0001.wav,crying,train
crying/esc50__crying_baby__ESC50_5-198411-E-20.wav,crying,train
crying/S-211023_H_302_C_004_0001.wav,crying,train
crying/S-211021_H_302_C_006_0001.wav,crying,train
crying/S-211026_H_302_C_014_0001.wav,crying,train
crying/S-211107_H_302_C_003_0001.wav,crying,train
crying/esc50__crying_baby__ESC50_3-152007-B-20.wav,crying,train
crying/S-211101_H_302_C_006_0001.wav,crying,train
crying/S-211101_H_302_C_009_0001.wav,crying,train
crying/S-211021_H_302_C_007_0001.wav,crying,train
crying/esc50__crying_baby__ESC50_5-198411-F-20.wav,crying,train
crying/S-211020_H_302_C_007_0001.wav,crying,train
crying/S-211020_H_302_C_006_0001.wav,crying,train
crying/S-211106_H_302_C_009_0001.wav,crying,train
crying/esc50__crying_baby__ESC50_2-107351-B-20.wav,crying,train
crying/esc50__crying_baby__ESC50_4-167077-A-20.wav,crying,train
crying/S-211106_H_302_C_010_0001.wav,crying,train
crying/S-211019_H_302_C_001_0001.wav,crying,train
crying/S-211101_H_302_C_005_0001.wav,crying,train
crying/S-211022_H_302_C_017_0001.wav,crying,train
crying/esc50__crying_baby__ESC50_5-198411-A-20.wav,crying,train
crying/esc50__crying_baby__ESC50_1-211527-C-20.wav,crying,train
crying/esc50__crying_baby__ESC50_4-185575-C-20.wav,crying,train
crying/S-211106_H_302_C_008_0001.wav,crying,train
crying/S-211020_H_302_C_001_0001.wav,crying,train
crying/S-211027_H_302_C_005_0001.wav,crying,train
crying/esc50__crying_baby__ESC50_2-107351-A-20.wav,crying,train
crying/S-211028_H_302_C_012_0001.wav,crying,train
crying/S-211022_H_302_C_008_0001.wav,crying,train
crying/S-211024_H_302_C_002_0001.wav,crying,train
crying/S-211031_H_302_C_001_0001.wav,crying,train
crying/esc50__crying_baby__ESC50_4-185575-A-20.wav,crying,train
crying/S-211107_H_302_C_004_0001.wav,crying,train
crying/S-211026_H_302_C_010_0001.wav,crying,train
crying/S-211104_H_302_C_004_0001.wav,crying,train
crying/S-211028_H_302_C_002_0001.wav,crying,train
crying/S-211104_H_302_C_006_0001.wav,crying,train
crying/esc50__crying_baby__ESC50_5-151085-A-20.wav,crying,train
crying/esc50__crying_baby__ESC50_1-22694-A-20.wav,crying,train
crying/S-211022_H_302_C_015_0001.wav,crying,train
crying/S-211023_H_302_C_002_0001.wav,crying,train
crying/S-211022_H_302_C_013_0001.wav,crying,train
crying/S-211019_H_302_C_005_0001.wav,crying,train
crying/S-211028_H_302_C_008_0001.wav,crying,train
crying/esc50__crying_baby__ESC50_1-211527-B-20.wav,crying,train
crying/S-211020_H_302_C_004_0001.wav,crying,train
crying/S-211021_H_302_C_005_0001.wav,crying,train
crying/S-211022_H_302_C_019_0001.wav,crying,train
crying/esc50__crying_baby__ESC50_4-185575-B-20.wav,crying,train
crying/S-211028_H_302_C_019_0001.wav,crying,train
crying/S-211028_H_302_C_007_0001.wav,crying,train
crying/S-211022_H_302_C_022_0001.wav,crying,train
crying/S-211027_H_302_C_004_0001.wav,crying,train
crying/S-211020_H_302_C_008_0001.wav,crying,train
crying/esc50__crying_baby__ESC50_2-50666-A-20.wav,crying,train
crying/S-211106_H_302_C_001_0001.wav,crying,train
crying/S-211028_H_302_C_017_0001.wav,crying,train
crying/esc50__crying_baby__ESC50_1-187207-A-20.wav,crying,train
crying/S-211027_H_302_C_007_0001.wav,crying,train
crying/S-211022_H_302_C_018_0001.wav,crying,train
crying/S-211020_H_302_C_014_0001.wav,crying,train
crying/S-211022_H_302_C_014_0001.wav,crying,train
crying/S-211023_H_302_C_008_0001.wav,crying,train
crying/esc50__crying_baby__ESC50_5-198411-G-20.wav,crying,train
crying/S-211026_H_302_C_008_0001.wav,crying,train
crying/S-211101_H_302_C_007_0001.wav,crying,train
crying/S-211106_H_302_C_007_0001.wav,crying,train
crying/esc50__crying_baby__ESC50_2-66637-A-20.wav,crying,train
crying/S-211101_H_302_C_001_0001.wav,crying,train
crying/S-211022_H_302_C_021_0001.wav,crying,train
crying/esc50__crying_baby__ESC50_1-22694-B-20.wav,crying,train
crying/S-211026_H_302_C_007_0001.wav,crying,train
crying/S-211019_H_302_C_003_0001.wav,crying,train
crying/S-211104_H_302_C_003_0001.wav,crying,train
crying/S-211024_H_302_C_004_0001.wav,crying,train
crying/S-211106_H_302_C_011_0001.wav,crying,train
crying/S-211028_H_302_C_004_0001.wav,crying,train
crying/S-211107_H_302_C_005_0001.wav,crying,train
crying/S-211028_H_302_C_006_0001.wav,crying,train
crying/S-211027_H_302_C_002_0001.wav,crying,train
crying/S-211101_H_302_C_012_0001.wav,crying,train
crying/S-211028_H_302_C_005_0001.wav,crying,train
crying/S-211022_H_302_C_016_0001.wav,crying,train
crying/S-211018_H_302_C_003_0001.wav,crying,train
crying/S-211022_H_302_C_023_0001.wav,crying,train
crying/S-211026_H_302_C_011_0001.wav,crying,train
crying/esc50__crying_baby__ESC50_3-151081-B-20.wav,crying,train
crying/S-211107_H_302_C_002_0001.wav,crying,train
crying/S-211022_H_302_C_011_0001.wav,crying,train
crying/S-211101_H_302_C_013_0001.wav,crying,train
crying/S-211026_H_302_C_003_0001.wav,crying,train
crying/S-211022_H_302_C_005_0001.wav,crying,train
crying/S-211107_H_302_C_001_0001.wav,crying,train
crying/S-211023_H_302_C_001_0001.wav,crying,train
crying/S-211024_H_302_C_001_0001.wav,crying,train
crying/S-211022_H_302_C_006_0001.wav,crying,train
crying/S-211026_H_302_C_002_0001.wav,crying,train
crying/esc50__crying_baby__ESC50_3-152007-C-20.wav,crying,train
crying/S-211027_H_302_C_006_0001.wav,crying,train
crying/S-211023_H_302_C_003_0001.wav,crying,train
crying/S-211023_H_302_C_005_0001.wav,crying,train
crying/S-211022_H_302_C_020_0001.wav,crying,train
crying/S-211101_H_302_C_008_0001.wav,crying,train
crying/S-211020_H_302_C_011_0001.wav,crying,train
crying/S-211021_H_302_C_004_0001.wav,crying,train
crying/S-211026_H_302_C_015_0001.wav,crying,train
crying/S-211023_H_302_C_009_0001.wav,crying,train
crying/S-211022_H_302_C_004_0001.wav,crying,train
crying/S-211101_H_302_C_003_0001.wav,crying,train
crying/S-211106_H_302_C_002_0001.wav,crying,train
crying/esc50__crying_baby__ESC50_4-167077-C-20.wav,crying,train
crying/S-211027_H_302_C_001_0001.wav,crying,train
crying/S-211104_H_302_C_009_0001.wav,crying,train
crying/S-211023_H_302_C_006_0001.wav,crying,train
crying/S-211106_H_302_C_006_0001.wav,crying,train
crying/S-211026_H_302_C_013_0001.wav,crying,train
crying/S-211022_H_302_C_007_0001.wav,crying,train
crying/S-211028_H_302_C_001_0001.wav,crying,train
crying/esc50__crying_baby__ESC50_2-151079-A-20.wav,crying,train
crying/S-211026_H_302_C_012_0001.wav,crying,train
crying/S-211028_H_302_C_009_0001.wav,crying,train
crying/S-211021_H_302_C_002_0001.wav,crying,train
crying/esc50__crying_baby__ESC50_1-211527-A-20.wav,crying,val
crying/S-211017_H_302_D_001_0001.wav,crying,val
crying/S-211027_H_302_C_003_0001.wav,crying,val
crying/esc50__crying_baby__ESC50_3-151081-A-20.wav,crying,val
crying/S-211106_H_302_C_003_0001.wav,crying,val
crying/S-211020_H_302_C_005_0001.wav,crying,val
crying/S-211022_H_302_C_009_0001.wav,crying,val
crying/S-211101_H_302_C_002_0001.wav,crying,val
crying/S-211017_H_302_C_007_0001.wav,crying,val
crying/S-211022_H_302_C_001_0001.wav,crying,val
crying/S-211101_H_302_C_010_0001.wav,crying,val
crying/S-211028_H_302_C_003_0001.wav,crying,val
crying/S-211028_H_302_C_018_0001.wav,crying,val
crying/S-211026_H_302_C_001_0001.wav,crying,val
crying/S-211031_H_302_C_002_0001.wav,crying,val
crying/esc50__crying_baby__ESC50_2-50665-A-20.wav,crying,val
crying/S-211028_H_302_C_016_0001.wav,crying,val
crying/S-211018_H_302_C_001_0001.wav,crying,val
crying/S-211101_H_302_C_014_0001.wav,crying,val
crying/S-211020_H_302_C_013_0001.wav,crying,val
crying/S-211020_H_302_C_009_0001.wav,crying,val
crying/S-211101_H_302_C_004_0001.wav,crying,val
crying/esc50__crying_baby__ESC50_3-152007-E-20.wav,crying,val
crying/S-211101_H_302_C_011_0001.wav,crying,val
crying/esc50__crying_baby__ESC50_2-80482-A-20.wav,crying,val
crying/S-211020_H_302_C_012_0001.wav,crying,val
crying/S-211026_H_302_C_005_0001.wav,crying,val
crying/S-211028_H_302_C_011_0001.wav,crying,test
crying/esc50__crying_baby__ESC50_4-59579-B-20.wav,crying,test
crying/esc50__crying_baby__ESC50_3-151080-A-20.wav,crying,test
crying/S-211018_H_302_C_002_0001.wav,crying,test
crying/S-211106_H_302_C_005_0001.wav,crying,test
crying/esc50__crying_baby__ESC50_5-198411-B-20.wav,crying,test
crying/esc50__crying_baby__ESC50_4-59579-A-20.wav,crying,test
crying/S-211020_H_302_C_010_0001.wav,crying,test
crying/esc50__crying_baby__ESC50_5-198411-C-20.wav,crying,test
crying/S-211022_H_302_C_010_0001.wav,crying,test
crying/S-211019_H_302_C_004_0001.wav,crying,test
crying/esc50__crying_baby__ESC50_1-60997-A-20.wav,crying,test
crying/S-211024_H_302_C_003_0001.wav,crying,test
crying/S-211028_H_302_C_013_0001.wav,crying,test
crying/S-211106_H_302_C_004_0001.wav,crying,test
crying/S-211017_H_302_C_008_0001.wav,crying,test
crying/S-211026_H_302_C_006_0001.wav,crying,test
crying/esc50__crying_baby__ESC50_3-152007-D-20.wav,crying,test
crying/esc50__crying_baby__ESC50_3-152007-A-20.wav,crying,test
crying/S-211101_H_302_C_015_0001.wav,crying,test
crying/S-211021_H_302_C_003_0001.wav,crying,test
crying/S-211019_H_302_C_002_0001.wav,crying,test
crying/S-211026_H_302_C_009_0001.wav,crying,test
crying/S-211028_H_302_C_014_0001.wav,crying,test
crying/esc50__crying_baby__ESC50_2-66637-B-20.wav,crying,test
crying/S-211028_H_302_C_015_0001.wav,crying,test
crying/esc50__crying_baby__ESC50_5-198411-D-20.wav,crying,test
crying/S-211023_H_302_C_007_0001.wav,crying,test
crying/S-211028_H_302_C_010_0001.wav,crying,test
fire_siren/archive__fire_alarm__2_fire_alarm_447.wav,fire_siren,train
fire_siren/archive__fire_alarm__2_fire_alarm_591.wav,fire_siren,train
fire_siren/S-211014_S_103_C_247_0001.wav,fire_siren,train
fire_siren/archive__fire_alarm__2_fire_alarm_508.wav,fire_siren,train
fire_siren/archive__fire_alarm__2_fire_alarm_298.wav,fire_siren,train
fire_siren/archive__fire_alarm__2_fire_alarm_99.wav,fire_siren,train
fire_siren/archive__fire_alarm__2_fire_alarm_476.wav,fire_siren,train
fire_siren/archive__fire_alarm__2_fire_alarm_540.wav,fire_siren,train
fire_siren/archive__fire_alarm__2_fire_alarm_137.wav,fire_siren,train
fire_siren/S-211014_S_103_C_252_0001.wav,fire_siren,train
fire_siren/archive__fire_alarm__2_fire_alarm_73.wav,fire_siren,train
fire_siren/S-211014_S_103_C_200_0001.wav,fire_siren,train
fire_siren/archive__fire_alarm__2_fire_alarm_442.wav,fire_siren,train
fire_siren/archive__fire_alarm__2_fire_alarm_152.wav,fire_siren,train
fire_siren/archive__fire_alarm__2_fire_alarm_470.wav,fire_siren,train
fire_siren/archive__fire_alarm__2_fire_alarm_97.wav,fire_siren,train
fire_siren/archive__fire_alarm__2_fire_alarm_50.wav,fire_siren,train
fire_siren/S-211103_S_103_C_005_0001.wav,fire_siren,train
fire_siren/archive__fire_alarm__2_fire_alarm_313.wav,fire_siren,train
fire_siren/archive__fire_alarm__2_fire_alarm_391.wav,fire_siren,train
fire_siren/archive__fire_alarm__2_fire_alarm_5.wav,fire_siren,train
fire_siren/archive__fire_alarm__2_fire_alarm_174.wav,fire_siren,train
fire_siren/S-211014_S_103_C_141_0001.wav,fire_siren,train
fire_siren/S-211014_S_103_C_143_0001.wav,fire_siren,train
fire_siren/archive__fire_alarm__2_fire_alarm_297.wav,fire_siren,train
fire_siren/archive__fire_alarm__2_fire_alarm_492.wav,fire_siren,train
fire_siren/archive__fire_alarm__2_fire_alarm_383.wav,fire_siren,train
fire_siren/S-211103_S_103_C_001_0001.wav,fire_siren,train
fire_siren/archive__fire_alarm__2_fire_alarm_276.wav,fire_siren,train
fire_siren/archive__fire_alarm__2_fire_alarm_421.wav,fire_siren,train
fire_siren/archive__fire_alarm__2_fire_alarm_239.wav,fire_siren,train
fire_siren/archive__fire_alarm__2_fire_alarm_386.wav,fire_siren,train
fire_siren/S-211014_S_103_C_241_0001.wav,fire_siren,train
fire_siren/archive__fire_alarm__2_fire_alarm_236.wav,fire_siren,train
fire_siren/archive__fire_alarm__2_fire_alarm_344.wav,fire_siren,train
fire_siren/archive__fire_alarm__2_fire_alarm_504.wav,fire_siren,train
fire_siren/archive__fire_alarm__2_fire_alarm_244.wav,fire_siren,train
fire_siren/archive__fire_alarm__2_fire_alarm_131.wav,fire_siren,train
fire_siren/S-211113_S_103_C_008_0001.wav,fire_siren,train
fire_siren/archive__fire_alarm__2_fire_alarm_592.wav,fire_siren,train
fire_siren/archive__fire_alarm__2_fire_alarm_130.wav,fire_siren,train
fire_siren/archive__fire_alarm__2_fire_alarm_528.wav,fire_siren,train
fire_siren/archive__fire_alarm__2_fire_alarm_27.wav,fire_siren,train
fire_siren/archive__fire_alarm__2_fire_alarm_429.wav,fire_siren,train
fire_siren/S-211014_S_103_C_287_0001.wav,fire_siren,train
fire_siren/archive__fire_alarm__2_fire_alarm_214.wav,fire_siren,train
fire_siren/archive__fire_alarm__2_fire_alarm_74.wav,fire_siren,train
fire_siren/archive__fire_alarm__2_fire_alarm_234.wav,fire_siren,train
fire_siren/archive__fire_alarm__2_fire_alarm_302.wav,fire_siren,train
fire_siren/archive__fire_alarm__2_fire_alarm_524.wav,fire_siren,train
fire_siren/archive__fire_alarm__2_fire_alarm_439.wav,fire_siren,train
fire_siren/archive__fire_alarm__2_fire_alarm_343.wav,fire_siren,train
fire_siren/archive__fire_alarm__2_fire_alarm_518.wav,fire_siren,train
fire_siren/archive__fire_alarm__2_fire_alarm_309.wav,fire_siren,train
fire_siren/archive__fire_alarm__2_fire_alarm_295.wav,fire_siren,train
fire_siren/archive__fire_alarm__2_fire_alarm_573.wav,fire_siren,train
fire_siren/S-211014_S_103_C_195_0001.wav,fire_siren,train
fire_siren/archive__fire_alarm__2_fire_alarm_184.wav,fire_siren,train
fire_siren/S-211107_S_103_C_017_0001.wav,fire_siren,train
fire_siren/archive__fire_alarm__2_fire_alarm_280.wav,fire_siren,train
fire_siren/archive__fire_alarm__2_fire_alarm_567.wav,fire_siren,train
fire_siren/archive__fire_alarm__2_fire_alarm_261.wav,fire_siren,train
fire_siren/archive__fire_alarm__2_fire_alarm_25.wav,fire_siren,train
fire_siren/archive__fire_alarm__2_fire_alarm_156.wav,fire_siren,train
fire_siren/S-211014_S_103_C_144_0001.wav,fire_siren,train
fire_siren/archive__fire_alarm__2_fire_alarm_527.wav,fire_siren,train
fire_siren/archive__fire_alarm__2_fire_alarm_289.wav,fire_siren,train
fire_siren/archive__fire_alarm__2_fire_alarm_216.wav,fire_siren,train
fire_siren/archive__fire_alarm__2_fire_alarm_227.wav,fire_siren,train
fire_siren/archive__fire_alarm__2_fire_alarm_599.wav,fire_siren,train
fire_siren/S-211014_S_103_C_219_0001.wav,fire_siren,train
fire_siren/archive__fire_alarm__2_fire_alarm_0.wav,fire_siren,train
fire_siren/archive__fire_alarm__2_fire_alarm_400.wav,fire_siren,train
fire_siren/S-211107_S_103_C_015_0001.wav,fire_siren,train
fire_siren/archive__fire_alarm__2_fire_alarm_125.wav,fire_siren,train
fire_siren/archive__fire_alarm__2_fire_alarm_582.wav,fire_siren,train
fire_siren/S-211014_S_103_C_363_0001.wav,fire_siren,train
fire_siren/archive__fire_alarm__2_fire_alarm_488.wav,fire_siren,train
fire_siren/archive__fire_alarm__2_fire_alarm_545.wav,fire_siren,train
fire_siren/archive__fire_alarm__2_fire_alarm_497.wav,fire_siren,train
fire_siren/archive__fire_alarm__2_fire_alarm_458.wav,fire_siren,train
fire_siren/archive__fire_alarm__2_fire_alarm_22.wav,fire_siren,train
fire_siren/archive__fire_alarm__2_fire_alarm_373.wav,fire_siren,train
fire_siren/archive__fire_alarm__2_fire_alarm_51.wav,fire_siren,train
fire_siren/S-211014_S_103_C_193_0001.wav,fire_siren,train
fire_siren/archive__fire_alarm__2_fire_alarm_368.wav,fire_siren,train
fire_siren/archive__fire_alarm__2_fire_alarm_161.wav,fire_siren,train
fire_siren/archive__fire_alarm__2_fire_alarm_252.wav,fire_siren,train
fire_siren/S-211103_S_103_C_003_0001.wav,fire_siren,train
fire_siren/archive__fire_alarm__2_fire_alarm_499.wav,fire_siren,train
fire_siren/archive__fire_alarm__2_fire_alarm_326.wav,fire_siren,train
fire_siren/archive__fire_alarm__2_fire_alarm_461.wav,fire_siren,train
fire_siren/archive__fire_alarm__2_fire_alarm_292.wav,fire_siren,train
fire_siren/archive__fire_alarm__2_fire_alarm_494.wav,fire_siren,train
fire_siren/archive__fire_alarm__2_fire_alarm_438.wav,fire_siren,train
fire_siren/S-211015_S_103_C_008_0001.wav,fire_siren,train
fire_siren/archive__fire_alarm__2_fire_alarm_554.wav,fire_siren,train
fire_siren/archive__fire_alarm__2_fire_alarm_245.wav,fire_siren,train
fire_siren/S-211014_S_103_C_233_0001.wav,fire_siren,train
fire_siren/archive__fire_alarm__2_fire_alarm_565.wav,fire_siren,train
fire_siren/S-211014_S_103_C_254_0001.wav,fire_siren,train
fire_siren/archive__fire_alarm__2_fire_alarm_70.wav,fire_siren,train
fire_siren/archive__fire_alarm__2_fire_alarm_288.wav,fire_siren,train
fire_siren/archive__fire_alarm__2_fire_alarm_321.wav,fire_siren,train
fire_siren/archive__fire_alarm__2_fire_alarm_226.wav,fire_siren,train
fire_siren/archive__fire_alarm__2_fire_alarm_13.wav,fire_siren,train
fire_siren/archive__fire_alarm__2_fire_alarm_322.wav,fire_siren,train
fire_siren/archive__fire_alarm__2_fire_alarm_418.wav,fire_siren,train
fire_siren/archive__fire_alarm__2_fire_alarm_100.wav,fire_siren,train
fire_siren/archive__fire_alarm__2_fire_alarm_523.wav,fire_siren,train
fire_siren/S-211014_S_103_C_242_0001.wav,fire_siren,train
fire_siren/archive__fire_alarm__2_fire_alarm_157.wav,fire_siren,train
fire_siren/archive__fire_alarm__2_fire_alarm_478.wav,fire_siren,train
fire_siren/archive__fire_alarm__2_fire_alarm_556.wav,fire_siren,train
fire_siren/S-211014_S_103_C_234_0001.wav,fire_siren,train
fire_siren/archive__fire_alarm__2_fire_alarm_172.wav,fire_siren,train
fire_siren/S-211106_S_103_C_013_0001.wav,fire_siren,train
fire_siren/archive__fire_alarm__2_fire_alarm_202.wav,fire_siren,train
fire_siren/archive__fire_alarm__2_fire_alarm_23.wav,fire_siren,train
fire_siren/archive__fire_alarm__2_fire_alarm_314.wav,fire_siren,train
fire_siren/archive__fire_alarm__2_fire_alarm_550.wav,fire_siren,train
fire_siren/archive__fire_alarm__2_fire_alarm_303.wav,fire_siren,train
fire_siren/archive__fire_alarm__2_fire_alarm_98.wav,fire_siren,train
fire_siren/archive__fire_alarm__2_fire_alarm_212.wav,fire_siren,train
fire_siren/S-211014_S_103_C_281_0001.wav,fire_siren,train
fire_siren/archive__fire_alarm__2_fire_alarm_150.wav,fire_siren,train
fire_siren/archive__fire_alarm__2_fire_alarm_448.wav,fire_siren,train
fire_siren/archive__fire_alarm__2_fire_alarm_264.wav,fire_siren,train
fire_siren/archive__fire_alarm__2_fire_alarm_449.wav,fire_siren,train
fire_siren/archive__fire_alarm__2_fire_alarm_169.wav,fire_siren,train
fire_siren/S-211014_S_103_C_277_0001.wav,fire_siren,train
fire_siren/archive__fire_alarm__2_fire_alarm_450.wav,fire_siren,train
fire_siren/archive__fire_alarm__2_fire_alarm_481.wav,fire_siren,train
fire_siren/archive__fire_alarm__2_fire_alarm_290.wav,fire_siren,train
fire_siren/archive__fire_alarm__2_fire_alarm_340.wav,fire_siren,train
fire_siren/S-211014_S_103_C_130_0001.wav,fire_siren,train
fire_siren/archive__fire_alarm__2_fire_alarm_335.wav,fire_siren,train
fire_siren/archive__fire_alarm__2_fire_alarm_562.wav,fire_siren,train
fire_siren/S-211014_S_103_C_235_0001.wav,fire_siren,train
fire_siren/archive__fire_alarm__2_fire_alarm_16.wav,fire_siren,train
fire_siren/archive__fire_alarm__2_fire_alarm_179.wav,fire_siren,train
fire_siren/archive__fire_alarm__2_fire_alarm_155.wav,fire_siren,train
fire_siren/S-211014_S_103_C_152_0001.wav,fire_siren,train
fire_siren/archive__fire_alarm__2_fire_alarm_530.wav,fire_siren,train
fire_siren/S-211014_S_103_C_355_0001.wav,fire_siren,train
fire_siren/archive__fire_alarm__2_fire_alarm_35.wav,fire_siren,train
fire_siren/archive__fire_alarm__2_fire_alarm_516.wav,fire_siren,train
fire_siren/S-211014_S_103_C_216_0001.wav,fire_siren,train
fire_siren/archive__fire_alarm__2_fire_alarm_138.wav,fire_siren,train
fire_siren/archive__fire_alarm__2_fire_alarm_4.wav,fire_siren,train
fire_siren/archive__fire_alarm__2_fire_alarm_566.wav,fire_siren,train
fire_siren/archive__fire_alarm__2_fire_alarm_187.wav,fire_siren,train
fire_siren/archive__fire_alarm__2_fire_alarm_539.wav,fire_siren,train
fire_siren/archive__fire_alarm__2_fire_alarm_60.wav,fire_siren,train
fire_siren/archive__fire_alarm__2_fire_alarm_84.wav,fire_siren,train
fire_siren/archive__fire_alarm__2_fire_alarm_82.wav,fire_siren,train
fire_siren/archive__fire_alarm__2_fire_alarm_366.wav,fire_siren,train
fire_siren/S-211014_S_103_C_259_0001.wav,fire_siren,train
fire_siren/archive__fire_alarm__2_fire_alarm_590.wav,fire_siren,train
fire_siren/archive__fire_alarm__2_fire_alarm_9.wav,fire_siren,train
fire_siren/archive__fire_alarm__2_fire_alarm_209.wav,fire_siren,train
fire_siren/archive__fire_alarm__2_fire_alarm_491.wav,fire_siren,train
fire_siren/archive__fire_alarm__2_fire_alarm_258.wav,fire_siren,train
fire_siren/archive__fire_alarm__2_fire_alarm_480.wav,fire_siren,train
fire_siren/archive__fire_alarm__2_fire_alarm_359.wav,fire_siren,train
fire_siren/archive__fire_alarm__2_fire_alarm_387.wav,fire_siren,train
fire_siren/archive__fire_alarm__2_fire_alarm_333.wav,fire_siren,train
fire_siren/archive__fire_alarm__2_fire_alarm_389.wav,fire_siren,train
fire_siren/archive__fire_alarm__2_fire_alarm_31.wav,fire_siren,train
fire_siren/archive__fire_alarm__2_fire_alarm_6.wav,fire_siren,train
fire_siren/archive__fire_alarm__2_fire_alarm_299.wav,fire_siren,train
fire_siren/archive__fire_alarm__2_fire_alarm_390.wav,fire_siren,train
fire_siren/archive__fire_alarm__2_fire_alarm_32.wav,fire_siren,train
fire_siren/archive__fire_alarm__2_fire_alarm_96.wav,fire_siren,train
fire_siren/archive__fire_alarm__2_fire_alarm_374.wav,fire_siren,train
fire_siren/S-211106_S_103_C_030_0001.wav,fire_siren,train
fire_siren/S-211014_S_103_C_140_0001.wav,fire_siren,train
fire_siren/archive__fire_alarm__2_fire_alarm_525.wav,fire_siren,train
fire_siren/archive__fire_alarm__2_fire_alarm_182.wav,fire_siren,train
fire_siren/S-211014_S_103_C_138_0001.wav,fire_siren,train
fire_siren/archive__fire_alarm__2_fire_alarm_266.wav,fire_siren,train
fire_siren/archive__fire_alarm__2_fire_alarm_471.wav,fire_siren,train
fire_siren/archive__fire_alarm__2_fire_alarm_430.wav,fire_siren,train
fire_siren/archive__fire_alarm__2_fire_alarm_162.wav,fire_siren,train
fire_siren/archive__fire_alarm__2_fire_alarm_110.wav,fire_siren,train
fire_siren/archive__fire_alarm__2_fire_alarm_273.wav,fire_siren,train
fire_siren/S-211113_S_103_D_017_0001.wav,fire_siren,train
fire_siren/S-211103_S_103_C_006_0001.wav,fire_siren,train
fire_siren/S-211014_S_103_C_240_0001.wav,fire_siren,train
fire_siren/archive__fire_alarm__2_fire_alarm_517.wav,fire_siren,train
fire_siren/archive__fire_alarm__2_fire_alarm_583.wav,fire_siren,train
fire_siren/archive__fire_alarm__2_fire_alarm_538.wav,fire_siren,train
fire_siren/archive__fire_alarm__2_fire_alarm_53.wav,fire_siren,train
fire_siren/archive__fire_alarm__2_fire_alarm_351.wav,fire_siren,train
fire_siren/archive__fire_alarm__2_fire_alarm_341.wav,fire_siren,train
fire_siren/archive__fire_alarm__2_fire_alarm_316.wav,fire_siren,train
fire_siren/S-211014_S_103_C_270_0001.wav,fire_siren,train
fire_siren/archive__fire_alarm__2_fire_alarm_294.wav,fire_siren,train
fire_siren/archive__fire_alarm__2_fire_alarm_33.wav,fire_siren,train
fire_siren/S-211014_S_103_C_197_0001.wav,fire_siren,train
fire_siren/S-211107_S_103_C_018_0001.wav,fire_siren,train
fire_siren/archive__fire_alarm__2_fire_alarm_140.wav,fire_siren,train
fire_siren/archive__fire_alarm__2_fire_alarm_403.wav,fire_siren,train
fire_siren/archive__fire_alarm__2_fire_alarm_206.wav,fire_siren,train
fire_siren/archive__fire_alarm__2_fire_alarm_580.wav,fire_siren,train
fire_siren/archive__fire_alarm__2_fire_alarm_282.wav,fire_siren,train
fire_siren/archive__fire_alarm__2_fire_alarm_369.wav,fire_siren,train
fire_siren/archive__fire_alarm__2_fire_alarm_505.wav,fire_siren,train
fire_siren/S-211014_S_103_C_243_0001.wav,fire_siren,train
fire_siren/archive__fire_alarm__2_fire_alarm_148.wav,fire_siren,train
fire_siren/archive__fire_alarm__2_fire_alarm_46.wav,fire_siren,train
fire_siren/archive__fire_alarm__2_fire_alarm_372.wav,fire_siren,train
fire_siren/archive__fire_alarm__2_fire_alarm_219.wav,fire_siren,train
fire_siren/archive__fire_alarm__2_fire_alarm_388.wav,fire_siren,train
fire_siren/S-211014_S_103_C_148_0001.wav,fire_siren,train
fire_siren/archive__fire_alarm__2_fire_alarm_190.wav,fire_siren,train
fire_siren/archive__fire_alarm__2_fire_alarm_342.wav,fire_siren,train
fire_siren/S-211014_S_103_C_360_0001.wav,fire_siren,train
fire_siren/S-211014_S_103_C_217_0001.wav,fire_siren,train
fire_siren/archive__fire_alarm__2_fire_alarm_446.wav,fire_siren,train
fire_siren/archive__fire_alarm__2_fire_alarm_272.wav,fire_siren,train
fire_siren/S-211014_S_103_C_365_0001.wav,fire_siren,train
fire_siren/archive__fire_alarm__2_fire_alarm_513.wav,fire_siren,train
fire_siren/archive__fire_alarm__2_fire_alarm_522.wav,fire_siren,train
fire_siren/archive__fire_alarm__2_fire_alarm_360.wav,fire_siren,train
fire_siren/archive__fire_alarm__2_fire_alarm_68.wav,fire_siren,train
fire_siren/archive__fire_alarm__2_fire_alarm_586.wav,fire_siren,train
fire_siren/archive__fire_alarm__2_fire_alarm_232.wav,fire_siren,train
fire_siren/archive__fire_alarm__2_fire_alarm_365.wav,fire_siren,train
fire_siren/S-211014_S_103_C_194_0001.wav,fire_siren,train
fire_siren/S-211106_S_103_C_018_0001.wav,fire_siren,train
fire_siren/archive__fire_alarm__2_fire_alarm_332.wav,fire_siren,train
fire_siren/archive__fire_alarm__2_fire_alarm_19.wav,fire_siren,train
fire_siren/S-211107_S_103_C_012_0001.wav,fire_siren,train
fire_siren/archive__fire_alarm__2_fire_alarm_231.wav,fire_siren,train
fire_siren/archive__fire_alarm__2_fire_alarm_474.wav,fire_siren,train
fire_siren/archive__fire_alarm__2_fire_alarm_382.wav,fire_siren,train
fire_siren/archive__fire_alarm__2_fire_alarm_553.wav,fire_siren,train
fire_siren/archive__fire_alarm__2_fire_alarm_221.wav,fire_siren,train
fire_siren/archive__fire_alarm__2_fire_alarm_409.wav,fire_siren,train
fire_siren/archive__fire_alarm__2_fire_alarm_59.wav,fire_siren,train
fire_siren/archive__fire_alarm__2_fire_alarm_81.wav,fire_siren,train
fire_siren/archive__fire_alarm__2_fire_alarm_462.wav,fire_siren,train
fire_siren/archive__fire_alarm__2_fire_alarm_228.wav,fire_siren,train
fire_siren/S-211107_S_103_C_009_0001.wav,fire_siren,train
fire_siren/S-211107_S_103_C_035_0001.wav,fire_siren,train
fire_siren/S-211107_S_103_C_023_0001.wav,fire_siren,train
fire_siren/archive__fire_alarm__2_fire_alarm_594.wav,fire_siren,train
fire_siren/S-211014_S_103_C_147_0001.wav,fire_siren,train
fire_siren/archive__fire_alarm__2_fire_alarm_117.wav,fire_siren,train
fire_siren/archive__fire_alarm__2_fire_alarm_443.wav,fire_siren,train
fire_siren/archive__fire_alarm__2_fire_alarm_572.wav,fire_siren,train
fire_siren/archive__fire_alarm__2_fire_alarm_151.wav,fire_siren,train
fire_siren/archive__fire_alarm__2_fire_alarm_371.wav,fire_siren,train
fire_siren/archive__fire_alarm__2_fire_alarm_338.wav,fire_siren,train
fire_siren/archive__fire_alarm__2_fire_alarm_412.wav,fire_siren,train
fire_siren/S-211014_S_103_C_222_0001.wav,fire_siren,train
fire_siren/archive__fire_alarm__2_fire_alarm_306.wav,fire_siren,train
fire_siren/archive__fire_alarm__2_fire_alarm_83.wav,fire_siren,train
fire_siren/archive__fire_alarm__2_fire_alarm_215.wav,fire_siren,train
fire_siren/archive__fire_alarm__2_fire_alarm_210.wav,fire_siren,train
fire_siren/archive__fire_alarm__2_fire_alarm_521.wav,fire_siren,train
fire_siren/archive__fire_alarm__2_fire_alarm_62.wav,fire_siren,train
fire_siren/archive__fire_alarm__2_fire_alarm_307.wav,fire_siren,train
fire_siren/archive__fire_alarm__2_fire_alarm_286.wav,fire_siren,train
fire_siren/archive__fire_alarm__2_fire_alarm_166.wav,fire_siren,train
fire_siren/archive__fire_alarm__2_fire_alarm_551.wav,fire_siren,train
fire_siren/S-211014_S_103_C_276_0001.wav,fire_siren,train
fire_siren/archive__fire_alarm__2_fire_alarm_41.wav,fire_siren,train
fire_siren/archive__fire_alarm__2_fire_alarm_399.wav,fire_siren,train
fire_siren/archive__fire_alarm__2_fire_alarm_54.wav,fire_siren,train
fire_siren/archive__fire_alarm__2_fire_alarm_417.wav,fire_siren,train
fire_siren/archive__fire_alarm__2_fire_alarm_165.wav,fire_siren,train
fire_siren/archive__fire_alarm__2_fire_alarm_108.wav,fire_siren,train
fire_siren/archive__fire_alarm__2_fire_alarm_47.wav,fire_siren,train
fire_siren/S-211014_S_103_C_139_0001.wav,fire_siren,train
fire_siren/S-211106_S_103_C_008_0001.wav,fire_siren,train
fire_siren/archive__fire_alarm__2_fire_alarm_121.wav,fire_siren,train
fire_siren/S-211107_S_103_C_218_0001.wav,fire_siren,train
fire_siren/S-211106_S_103_C_014_0001.wav,fire_siren,train
fire_siren/S-211107_S_103_C_037_0001.wav,fire_siren,train
fire_siren/archive__fire_alarm__2_fire_alarm_127.wav,fire_siren,train
fire_siren/archive__fire_alarm__2_fire_alarm_103.wav,fire_siren,train
fire_siren/archive__fire_alarm__2_fire_alarm_283.wav,fire_siren,train
fire_siren/archive__fire_alarm__2_fire_alarm_361.wav,fire_siren,train
fire_siren/archive__fire_alarm__2_fire_alarm_37.wav,fire_siren,train
fire_siren/S-211014_S_103_C_285_0001.wav,fire_siren,train
fire_siren/archive__fire_alarm__2_fire_alarm_119.wav,fire_siren,train
fire_siren/archive__fire_alarm__2_fire_alarm_346.wav,fire_siren,train
fire_siren/archive__fire_alarm__2_fire_alarm_416.wav,fire_siren,train
fire_siren/archive__fire_alarm__2_fire_alarm_405.wav,fire_siren,train
fire_siren/S-211103_S_103_C_004_0001.wav,fire_siren,train
fire_siren/archive__fire_alarm__2_fire_alarm_587.wav,fire_siren,train
fire_siren/archive__fire_alarm__2_fire_alarm_191.wav,fire_siren,train
fire_siren/archive__fire_alarm__2_fire_alarm_56.wav,fire_siren,train
fire_siren/archive__fire_alarm__2_fire_alarm_392.wav,fire_siren,train
fire_siren/S-211014_S_103_C_284_0001.wav,fire_siren,train
fire_siren/archive__fire_alarm__2_fire_alarm_178.wav,fire_siren,train
fire_siren/archive__fire_alarm__2_fire_alarm_243.wav,fire_siren,train
fire_siren/archive__fire_alarm__2_fire_alarm_308.wav,fire_siren,train
fire_siren/archive__fire_alarm__2_fire_alarm_200.wav,fire_siren,train
fire_siren/archive__fire_alarm__2_fire_alarm_233.wav,fire_siren,train
fire_siren/archive__fire_alarm__2_fire_alarm_67.wav,fire_siren,train
fire_siren/archive__fire_alarm__2_fire_alarm_205.wav,fire_siren,train
fire_siren/archive__fire_alarm__2_fire_alarm_596.wav,fire_siren,train
fire_siren/archive__fire_alarm__2_fire_alarm_186.wav,fire_siren,train
fire_siren/archive__fire_alarm__2_fire_alarm_533.wav,fire_siren,train
fire_siren/archive__fire_alarm__2_fire_alarm_379.wav,fire_siren,train
fire_siren/S-211107_S_103_C_022_0001.wav,fire_siren,train
fire_siren/archive__fire_alarm__2_fire_alarm_30.wav,fire_siren,train
fire_siren/archive__fire_alarm__2_fire_alarm_595.wav,fire_siren,train
fire_siren/S-211014_S_103_C_202_0001.wav,fire_siren,train
fire_siren/archive__fire_alarm__2_fire_alarm_426.wav,fire_siren,train
fire_siren/S-211014_S_103_C_151_0001.wav,fire_siren,train
fire_siren/S-211106_S_103_C_009_0001.wav,fire_siren,train
fire_siren/archive__fire_alarm__2_fire_alarm_106.wav,fire_siren,train
fire_siren/archive__fire_alarm__2_fire_alarm_254.wav,fire_siren,train
fire_siren/archive__fire_alarm__2_fire_alarm_160.wav,fire_siren,train
fire_siren/S-211014_S_103_C_221_0001.wav,fire_siren,train
fire_siren/archive__fire_alarm__2_fire_alarm_479.wav,fire_siren,train
fire_siren/archive__fire_alarm__2_fire_alarm_26.wav,fire_siren,train
fire_siren/archive__fire_alarm__2_fire_alarm_267.wav,fire_siren,train
fire_siren/archive__fire_alarm__2_fire_alarm_72.wav,fire_siren,train
fire_siren/S-211014_S_103_C_146_0001.wav,fire_siren,train
fire_siren/archive__fire_alarm__2_fire_alarm_375.wav,fire_siren,train
fire_siren/archive__fire_alarm__2_fire_alarm_183.wav,fire_siren,train
fire_siren/S-211014_S_103_C_282_0001.wav,fire_siren,train
fire_siren/archive__fire_alarm__2_fire_alarm_349.wav,fire_siren,train
fire_siren/archive__fire_alarm__2_fire_alarm_92.wav,fire_siren,train
fire_siren/archive__fire_alarm__2_fire_alarm_250.wav,fire_siren,train
fire_siren/archive__fire_alarm__2_fire_alarm_367.wav,fire_siren,train
fire_siren/archive__fire_alarm__2_fire_alarm_503.wav,fire_siren,train
fire_siren/S-211107_S_103_C_010_0001.wav,fire_siren,train
fire_siren/archive__fire_alarm__2_fire_alarm_362.wav,fire_siren,train
fire_siren/S-211113_S_103_C_004_0001.wav,fire_siren,train
fire_siren/archive__fire_alarm__2_fire_alarm_581.wav,fire_siren,train
fire_siren/archive__fire_alarm__2_fire_alarm_240.wav,fire_siren,train
fire_siren/archive__fire_alarm__2_fire_alarm_377.wav,fire_siren,train
fire_siren/archive__fire_alarm__2_fire_alarm_192.wav,fire_siren,train
fire_siren/archive__fire_alarm__2_fire_alarm_495.wav,fire_siren,train
fire_siren/archive__fire_alarm__2_fire_alarm_132.wav,fire_siren,train
fire_siren/archive__fire_alarm__2_fire_alarm_561.wav,fire_siren,train
fire_siren/archive__fire_alarm__2_fire_alarm_469.wav,fire_siren,train
fire_siren/S-211014_S_103_C_358_0001.wav,fire_siren,train
fire_siren/archive__fire_alarm__2_fire_alarm_490.wav,fire_siren,train
fire_siren/archive__fire_alarm__2_fire_alarm_124.wav,fire_siren,train
fire_siren/archive__fire_alarm__2_fire_alarm_396.wav,fire_siren,train
fire_siren/archive__fire_alarm__2_fire_alarm_370.wav,fire_siren,train
fire_siren/archive__fire_alarm__2_fire_alarm_107.wav,fire_siren,train
fire_siren/archive__fire_alarm__2_fire_alarm_397.wav,fire_siren,train
fire_siren/archive__fire_alarm__2_fire_alarm_406.wav,fire_siren,train
fire_siren/archive__fire_alarm__2_fire_alarm_315.wav,fire_siren,train
fire_siren/archive__fire_alarm__2_fire_alarm_235.wav,fire_siren,train
fire_siren/S-211107_S_103_C_021_0001.wav,fire_siren,train
fire_siren/archive__fire_alarm__2_fire_alarm_291.wav,fire_siren,train
fire_siren/archive__fire_alarm__2_fire_alarm_88.wav,fire_siren,train
fire_siren/S-211014_S_103_C_230_0001.wav,fire_siren,train
fire_siren/archive__fire_alarm__2_fire_alarm_10.wav,fire_siren,train
fire_siren/archive__fire_alarm__2_fire_alarm_493.wav,fire_siren,train
fire_siren/archive__fire_alarm__2_fire_alarm_415.wav,fire_siren,train
fire_siren/S-211014_S_103_C_362_0001.wav,fire_siren,train
fire_siren/archive__fire_alarm__2_fire_alarm_199.wav,fire_siren,train
fire_siren/archive__fire_alarm__2_fire_alarm_393.wav,fire_siren,train
fire_siren/archive__fire_alarm__2_fire_alarm_457.wav,fire_siren,train
fire_siren/S-211014_S_103_C_129_0001.wav,fire_siren,train
fire_siren/archive__fire_alarm__2_fire_alarm_102.wav,fire_siren,train
fire_siren/archive__fire_alarm__2_fire_alarm_76.wav,fire_siren,train
fire_siren/S-211014_S_103_C_248_0001.wav,fire_siren,train
fire_siren/archive__fire_alarm__2_fire_alarm_564.wav,fire_siren,train
fire_siren/archive__fire_alarm__2_fire_alarm_237.wav,fire_siren,train
fire_siren/archive__fire_alarm__2_fire_alarm_136.wav,fire_siren,train
fire_siren/archive__fire_alarm__2_fire_alarm_52.wav,fire_siren,train
fire_siren/archive__fire_alarm__2_fire_alarm_177.wav,fire_siren,train
fire_siren/archive__fire_alarm__2_fire_alarm_398.wav,fire_siren,train
fire_siren/archive__fire_alarm__2_fire_alarm_145.wav,fire_siren,train
fire_siren/S-211104_S_103_C_007_0001.wav,fire_siren,train
fire_siren/archive__fire_alarm__2_fire_alarm_358.wav,fire_siren,train
fire_siren/archive__fire_alarm__2_fire_alarm_589.wav,fire_siren,train
fire_siren/archive__fire_alarm__2_fire_alarm_569.wav,fire_siren,train
fire_siren/S-211127_S_103_C_058_0001.wav,fire_siren,train
fire_siren/archive__fire_alarm__2_fire_alarm_15.wav,fire_siren,train
fire_siren/archive__fire_alarm__2_fire_alarm_535.wav,fire_siren,train
fire_siren/archive__fire_alarm__2_fire_alarm_85.wav,fire_siren,train
fire_siren/archive__fire_alarm__2_fire_alarm_44.wav,fire_siren,train
fire_siren/S-211104_S_103_C_002_0001.wav,fire_siren,train
fire_siren/archive__fire_alarm__2_fire_alarm_520.wav,fire_siren,train
fire_siren/S-211014_S_103_C_364_0001.wav,fire_siren,train
fire_siren/S-211014_S_103_C_131_0001.wav,fire_siren,train
fire_siren/archive__fire_alarm__2_fire_alarm_486.wav,fire_siren,train
fire_siren/S-211106_S_103_C_031_0001.wav,fire_siren,train
fire_siren/S-211113_S_103_C_007_0001.wav,fire_siren,train
fire_siren/archive__fire_alarm__2_fire_alarm_12.wav,fire_siren,train
fire_siren/archive__fire_alarm__2_fire_alarm_575.wav,fire_siren,train
fire_siren/archive__fire_alarm__2_fire_alarm_555.wav,fire_siren,train
fire_siren/archive__fire_alarm__2_fire_alarm_196.wav,fire_siren,train
fire_siren/archive__fire_alarm__2_fire_alarm_248.wav,fire_siren,train
fire_siren/archive__fire_alarm__2_fire_alarm_354.wav,fire_siren,train
fire_siren/archive__fire_alarm__2_fire_alarm_195.wav,fire_siren,train
fire_siren/archive__fire_alarm__2_fire_alarm_57.wav,fire_siren,train
fire_siren/archive__fire_alarm__2_fire_alarm_381.wav,fire_siren,train
fire_siren/archive__fire_alarm__2_fire_alarm_185.wav,fire_siren,train
fire_siren/archive__fire_alarm__2_fire_alarm_574.wav,fire_siren,train
fire_siren/archive__fire_alarm__2_fire_alarm_115.wav,fire_siren,train
fire_siren/archive__fire_alarm__2_fire_alarm_319.wav,fire_siren,train
fire_siren/archive__fire_alarm__2_fire_alarm_95.wav,fire_siren,train
fire_siren/archive__fire_alarm__2_fire_alarm_34.wav,fire_siren,train
fire_siren/archive__fire_alarm__2_fire_alarm_222.wav,fire_siren,train
fire_siren/archive__fire_alarm__2_fire_alarm_198.wav,fire_siren,train
fire_siren/S-211014_S_103_C_134_0001.wav,fire_siren,train
fire_siren/S-211106_S_103_C_007_0001.wav,fire_siren,train
fire_siren/archive__fire_alarm__2_fire_alarm_435.wav,fire_siren,train
fire_siren/S-211106_S_103_C_016_0001.wav,fire_siren,train
fire_siren/S-211103_S_103_D_008_0001.wav,fire_siren,train
fire_siren/archive__fire_alarm__2_fire_alarm_208.wav,fire_siren,train
fire_siren/archive__fire_alarm__2_fire_alarm_536.wav,fire_siren,train
fire_siren/archive__fire_alarm__2_fire_alarm_456.wav,fire_siren,train
fire_siren/archive__fire_alarm__2_fire_alarm_352.wav,fire_siren,train
fire_siren/archive__fire_alarm__2_fire_alarm_512.wav,fire_siren,train
fire_siren/archive__fire_alarm__2_fire_alarm_75.wav,fire_siren,train
fire_siren/archive__fire_alarm__2_fire_alarm_502.wav,fire_siren,train
fire_siren/archive__fire_alarm__2_fire_alarm_484.wav,fire_siren,train
fire_siren/archive__fire_alarm__2_fire_alarm_211.wav,fire_siren,train
fire_siren/archive__fire_alarm__2_fire_alarm_135.wav,fire_siren,train
fire_siren/archive__fire_alarm__2_fire_alarm_80.wav,fire_siren,train
fire_siren/archive__fire_alarm__2_fire_alarm_167.wav,fire_siren,train
fire_siren/S-211107_S_103_C_011_0001.wav,fire_siren,train
fire_siren/archive__fire_alarm__2_fire_alarm_189.wav,fire_siren,train
fire_siren/archive__fire_alarm__2_fire_alarm_311.wav,fire_siren,train
fire_siren/archive__fire_alarm__2_fire_alarm_247.wav,fire_siren,train
fire_siren/archive__fire_alarm__2_fire_alarm_300.wav,fire_siren,train
fire_siren/archive__fire_alarm__2_fire_alarm_526.wav,fire_siren,train
fire_siren/archive__fire_alarm__2_fire_alarm_116.wav,fire_siren,train
fire_siren/archive__fire_alarm__2_fire_alarm_444.wav,fire_siren,train
fire_siren/archive__fire_alarm__2_fire_alarm_268.wav,fire_siren,train
fire_siren/archive__fire_alarm__2_fire_alarm_230.wav,fire_siren,train
fire_siren/archive__fire_alarm__2_fire_alarm_277.wav,fire_siren,train
fire_siren/archive__fire_alarm__2_fire_alarm_445.wav,fire_siren,train
fire_siren/archive__fire_alarm__2_fire_alarm_395.wav,fire_siren,train
fire_siren/archive__fire_alarm__2_fire_alarm_241.wav,fire_siren,train
fire_siren/S-211107_S_103_C_013_0001.wav,fire_siren,train
fire_siren/archive__fire_alarm__2_fire_alarm_113.wav,fire_siren,train
fire_siren/archive__fire_alarm__2_fire_alarm_253.wav,fire_siren,train
fire_siren/archive__fire_alarm__2_fire_alarm_364.wav,fire_siren,train
fire_siren/archive__fire_alarm__2_fire_alarm_496.wav,fire_siren,train
fire_siren/archive__fire_alarm__2_fire_alarm_598.wav,fire_siren,train
fire_siren/archive__fire_alarm__2_fire_alarm_489.wav,fire_siren,train
fire_siren/archive__fire_alarm__2_fire_alarm_327.wav,fire_siren,train
fire_siren/archive__fire_alarm__2_fire_alarm_356.wav,fire_siren,train
fire_siren/archive__fire_alarm__2_fire_alarm_1.wav,fire_siren,train
fire_siren/archive__fire_alarm__2_fire_alarm_61.wav,fire_siren,train
fire_siren/S-211014_S_103_C_274_0001.wav,fire_siren,train
fire_siren/archive__fire_alarm__2_fire_alarm_542.wav,fire_siren,train
fire_siren/archive__fire_alarm__2_fire_alarm_424.wav,fire_siren,train
fire_siren/S-211107_S_103_C_222_0001.wav,fire_siren,train
fire_siren/archive__fire_alarm__2_fire_alarm_218.wav,fire_siren,train
fire_siren/archive__fire_alarm__2_fire_alarm_40.wav,fire_siren,train
fire_siren/archive__fire_alarm__2_fire_alarm_460.wav,fire_siren,train
fire_siren/archive__fire_alarm__2_fire_alarm_350.wav,fire_siren,train
fire_siren/S-211106_S_103_C_015_0001.wav,fire_siren,train
fire_siren/archive__fire_alarm__2_fire_alarm_436.wav,fire_siren,train
fire_siren/S-211014_S_103_C_260_0001.wav,fire_siren,train
fire_siren/S-211109_S_103_C_001_0001.wav,fire_siren,train
fire_siren/S-211127_S_103_C_060_0001.wav,fire_siren,train
fire_siren/S-211014_S_103_C_203_0001.wav,fire_siren,train
fire_siren/archive__fire_alarm__2_fire_alarm_213.wav,fire_siren,train
fire_siren/archive__fire_alarm__2_fire_alarm_543.wav,fire_siren,train
fire_siren/archive__fire_alarm__2_fire_alarm_468.wav,fire_siren,train
fire_siren/archive__fire_alarm__2_fire_alarm_89.wav,fire_siren,train
fire_siren/archive__fire_alarm__2_fire_alarm_353.wav,fire_siren,train
fire_siren/S-211014_S_103_C_127_0001.wav,fire_siren,train
fire_siren/archive__fire_alarm__2_fire_alarm_380.wav,fire_siren,train
fire_siren/archive__fire_alarm__2_fire_alarm_339.wav,fire_siren,train
fire_siren/archive__fire_alarm__2_fire_alarm_220.wav,fire_siren,train
fire_siren/archive__fire_alarm__2_fire_alarm_284.wav,fire_siren,train
fire_siren/archive__fire_alarm__2_fire_alarm_467.wav,fire_siren,train
fire_siren/archive__fire_alarm__2_fire_alarm_597.wav,fire_siren,train
fire_siren/S-211014_S_103_C_357_0001.wav,fire_siren,train
fire_siren/archive__fire_alarm__2_fire_alarm_529.wav,fire_siren,train
fire_siren/archive__fire_alarm__2_fire_alarm_576.wav,fire_siren,train
fire_siren/S-211014_S_103_C_232_0001.wav,fire_siren,train
fire_siren/archive__fire_alarm__2_fire_alarm_120.wav,fire_siren,train
fire_siren/archive__fire_alarm__2_fire_alarm_475.wav,fire_siren,train
fire_siren/archive__fire_alarm__2_fire_alarm_7.wav,fire_siren,train
fire_siren/archive__fire_alarm__2_fire_alarm_93.wav,fire_siren,train
fire_siren/archive__fire_alarm__2_fire_alarm_317.wav,fire_siren,train
fire_siren/archive__fire_alarm__2_fire_alarm_78.wav,fire_siren,train
fire_siren/S-211014_S_103_C_229_0001.wav,fire_siren,train
fire_siren/archive__fire_alarm__2_fire_alarm_394.wav,fire_siren,train
fire_siren/archive__fire_alarm__2_fire_alarm_246.wav,fire_siren,train
fire_siren/S-211014_S_103_C_269_0001.wav,fire_siren,train
fire_siren/S-211014_S_103_C_137_0001.wav,fire_siren,train
fire_siren/archive__fire_alarm__2_fire_alarm_304.wav,fire_siren,train
fire_siren/archive__fire_alarm__2_fire_alarm_42.wav,fire_siren,train
fire_siren/archive__fire_alarm__2_fire_alarm_271.wav,fire_siren,train
fire_siren/archive__fire_alarm__2_fire_alarm_225.wav,fire_siren,train
fire_siren/archive__fire_alarm__2_fire_alarm_238.wav,fire_siren,train
fire_siren/archive__fire_alarm__2_fire_alarm_593.wav,fire_siren,train
fire_siren/archive__fire_alarm__2_fire_alarm_193.wav,fire_siren,train
fire_siren/archive__fire_alarm__2_fire_alarm_537.wav,fire_siren,train
fire_siren/archive__fire_alarm__2_fire_alarm_64.wav,fire_siren,train
fire_siren/archive__fire_alarm__2_fire_alarm_464.wav,fire_siren,train
fire_siren/archive__fire_alarm__2_fire_alarm_158.wav,fire_siren,train
fire_siren/archive__fire_alarm__2_fire_alarm_8.wav,fire_siren,train
fire_siren/archive__fire_alarm__2_fire_alarm_433.wav,fire_siren,train
fire_siren/archive__fire_alarm__2_fire_alarm_293.wav,fire_siren,train
fire_siren/archive__fire_alarm__2_fire_alarm_223.wav,fire_siren,train
fire_siren/archive__fire_alarm__2_fire_alarm_334.wav,fire_siren,train
fire_siren/archive__fire_alarm__2_fire_alarm_531.wav,fire_siren,train
fire_siren/archive__fire_alarm__2_fire_alarm_118.wav,fire_siren,train
fire_siren/S-211014_S_103_C_199_0001.wav,fire_siren,train
fire_siren/S-211014_S_103_C_257_0001.wav,fire_siren,train
fire_siren/archive__fire_alarm__2_fire_alarm_173.wav,fire_siren,train
fire_siren/archive__fire_alarm__2_fire_alarm_65.wav,fire_siren,train
fire_siren/archive__fire_alarm__2_fire_alarm_79.wav,fire_siren,train
fire_siren/archive__fire_alarm__2_fire_alarm_487.wav,fire_siren,train
fire_siren/S-211014_S_103_C_214_0001.wav,fire_siren,train
fire_siren/archive__fire_alarm__2_fire_alarm_376.wav,fire_siren,train
fire_siren/archive__fire_alarm__2_fire_alarm_129.wav,fire_siren,train
fire_siren/archive__fire_alarm__2_fire_alarm_558.wav,fire_siren,train
fire_siren/archive__fire_alarm__2_fire_alarm_133.wav,fire_siren,train
fire_siren/archive__fire_alarm__2_fire_alarm_21.wav,fire_siren,train
fire_siren/archive__fire_alarm__2_fire_alarm_263.wav,fire_siren,train
fire_siren/S-211014_S_103_C_196_0001.wav,fire_siren,train
fire_siren/S-211104_S_103_C_006_0001.wav,fire_siren,train
fire_siren/archive__fire_alarm__2_fire_alarm_101.wav,fire_siren,train
fire_siren/archive__fire_alarm__2_fire_alarm_94.wav,fire_siren,train
fire_siren/archive__fire_alarm__2_fire_alarm_176.wav,fire_siren,train
fire_siren/S-211014_S_103_C_215_0001.wav,fire_siren,train
fire_siren/archive__fire_alarm__2_fire_alarm_507.wav,fire_siren,train
fire_siren/S-211014_S_103_C_288_0001.wav,fire_siren,train
fire_siren/archive__fire_alarm__2_fire_alarm_188.wav,fire_siren,train
fire_siren/archive__fire_alarm__2_fire_alarm_414.wav,fire_siren,train
fire_siren/archive__fire_alarm__2_fire_alarm_114.wav,fire_siren,train
fire_siren/archive__fire_alarm__2_fire_alarm_43.wav,fire_siren,train
fire_siren/archive__fire_alarm__2_fire_alarm_168.wav,fire_siren,train
fire_siren/archive__fire_alarm__2_fire_alarm_204.wav,fire_siren,train
fire_siren/S-211107_S_103_C_020_0001.wav,fire_siren,train
fire_siren/archive__fire_alarm__2_fire_alarm_296.wav,fire_siren,train
fire_siren/archive__fire_alarm__2_fire_alarm_310.wav,fire_siren,train
fire_siren/archive__fire_alarm__2_fire_alarm_224.wav,fire_siren,val
fire_siren/archive__fire_alarm__2_fire_alarm_437.wav,fire_siren,val
fire_siren/archive__fire_alarm__2_fire_alarm_104.wav,fire_siren,val
fire_siren/S-211014_S_103_C_275_0001.wav,fire_siren,val
fire_siren/archive__fire_alarm__2_fire_alarm_259.wav,fire_siren,val
fire_siren/archive__fire_alarm__2_fire_alarm_420.wav,fire_siren,val
fire_siren/archive__fire_alarm__2_fire_alarm_301.wav,fire_siren,val
fire_siren/archive__fire_alarm__2_fire_alarm_434.wav,fire_siren,val
fire_siren/archive__fire_alarm__2_fire_alarm_257.wav,fire_siren,val
fire_siren/archive__fire_alarm__2_fire_alarm_501.wav,fire_siren,val
fire_siren/archive__fire_alarm__2_fire_alarm_287.wav,fire_siren,val
fire_siren/archive__fire_alarm__2_fire_alarm_274.wav,fire_siren,val
fire_siren/archive__fire_alarm__2_fire_alarm_201.wav,fire_siren,val
fire_siren/S-211014_S_103_C_250_0001.wav,fire_siren,val
fire_siren/archive__fire_alarm__2_fire_alarm_91.wav,fire_siren,val
fire_siren/archive__fire_alarm__2_fire_alarm_170.wav,fire_siren,val
fire_siren/archive__fire_alarm__2_fire_alarm_428.wav,fire_siren,val
fire_siren/archive__fire_alarm__2_fire_alarm_203.wav,fire_siren,val
fire_siren/S-211014_S_103_C_220_0001.wav,fire_siren,val
fire_siren/archive__fire_alarm__2_fire_alarm_255.wav,fire_siren,val
fire_siren/archive__fire_alarm__2_fire_alarm_454.wav,fire_siren,val
fire_siren/archive__fire_alarm__2_fire_alarm_17.wav,fire_siren,val
fire_siren/S-211107_S_103_C_019_0001.wav,fire_siren,val
fire_siren/archive__fire_alarm__2_fire_alarm_408.wav,fire_siren,val
fire_siren/archive__fire_alarm__2_fire_alarm_568.wav,fire_siren,val
fire_siren/archive__fire_alarm__2_fire_alarm_419.wav,fire_siren,val
fire_siren/archive__fire_alarm__2_fire_alarm_552.wav,fire_siren,val
fire_siren/archive__fire_alarm__2_fire_alarm_325.wav,fire_siren,val
fire_siren/archive__fire_alarm__2_fire_alarm_87.wav,fire_siren,val
fire_siren/S-211014_S_103_C_136_0001.wav,fire_siren,val
fire_siren/archive__fire_alarm__2_fire_alarm_401.wav,fire_siren,val
fire_siren/archive__fire_alarm__2_fire_alarm_312.wav,fire_siren,val
fire_siren/archive__fire_alarm__2_fire_alarm_134.wav,fire_siren,val
fire_siren/archive__fire_alarm__2_fire_alarm_345.wav,fire_siren,val
fire_siren/archive__fire_alarm__2_fire_alarm_279.wav,fire_siren,val
fire_siren/archive__fire_alarm__2_fire_alarm_217.wav,fire_siren,val
fire_siren/archive__fire_alarm__2_fire_alarm_463.wav,fire_siren,val
fire_siren/archive__fire_alarm__2_fire_alarm_465.wav,fire_siren,val
fire_siren/archive__fire_alarm__2_fire_alarm_330.wav,fire_siren,val
fire_siren/archive__fire_alarm__2_fire_alarm_410.wav,fire_siren,val
fire_siren/archive__fire_alarm__2_fire_alarm_422.wav,fire_siren,val
fire_siren/archive__fire_alarm__2_fire_alarm_128.wav,fire_siren,val
fire_siren/archive__fire_alarm__2_fire_alarm_363.wav,fire_siren,val
fire_siren/S-211107_S_103_C_221_0001.wav,fire_siren,val
fire_siren/archive__fire_alarm__2_fire_alarm_455.wav,fire_siren,val
fire_siren/archive__fire_alarm__2_fire_alarm_285.wav,fire_siren,val
fire_siren/S-211113_S_103_D_009_0001.wav,fire_siren,val
fire_siren/archive__fire_alarm__2_fire_alarm_452.wav,fire_siren,val
fire_siren/archive__fire_alarm__2_fire_alarm_483.wav,fire_siren,val
fire_siren/archive__fire_alarm__2_fire_alarm_143.wav,fire_siren,val
fire_siren/archive__fire_alarm__2_fire_alarm_511.wav,fire_siren,val
fire_siren/S-211014_S_103_C_225_0001.wav,fire_siren,val
fire_siren/archive__fire_alarm__2_fire_alarm_509.wav,fire_siren,val
fire_siren/archive__fire_alarm__2_fire_alarm_584.wav,fire_siren,val
fire_siren/S-211014_S_103_C_126_0001.wav,fire_siren,val
fire_siren/archive__fire_alarm__2_fire_alarm_275.wav,fire_siren,val
fire_siren/archive__fire_alarm__2_fire_alarm_423.wav,fire_siren,val
fire_siren/S-211014_S_103_C_201_0001.wav,fire_siren,val
fire_siren/archive__fire_alarm__2_fire_alarm_181.wav,fire_siren,val
fire_siren/S-211108_S_103_C_006_0001.wav,fire_siren,val
fire_siren/archive__fire_alarm__2_fire_alarm_378.wav,fire_siren,val
fire_siren/archive__fire_alarm__2_fire_alarm_453.wav,fire_siren,val
fire_siren/archive__fire_alarm__2_fire_alarm_514.wav,fire_siren,val
fire_siren/S-211014_S_103_C_283_0001.wav,fire_siren,val
fire_siren/S-211014_S_103_C_273_0001.wav,fire_siren,val
fire_siren/S-211014_S_103_C_258_0001.wav,fire_siren,val
fire_siren/archive__fire_alarm__2_fire_alarm_431.wav,fire_siren,val
fire_siren/archive__fire_alarm__2_fire_alarm_49.wav,fire_siren,val
fire_siren/archive__fire_alarm__2_fire_alarm_549.wav,fire_siren,val
fire_siren/archive__fire_alarm__2_fire_alarm_329.wav,fire_siren,val
fire_siren/archive__fire_alarm__2_fire_alarm_425.wav,fire_siren,val
fire_siren/archive__fire_alarm__2_fire_alarm_472.wav,fire_siren,val
fire_siren/archive__fire_alarm__2_fire_alarm_544.wav,fire_siren,val
fire_siren/archive__fire_alarm__2_fire_alarm_500.wav,fire_siren,val
fire_siren/archive__fire_alarm__2_fire_alarm_482.wav,fire_siren,val
fire_siren/archive__fire_alarm__2_fire_alarm_357.wav,fire_siren,val
fire_siren/archive__fire_alarm__2_fire_alarm_477.wav,fire_siren,val
fire_siren/archive__fire_alarm__2_fire_alarm_440.wav,fire_siren,val
fire_siren/archive__fire_alarm__2_fire_alarm_519.wav,fire_siren,val
fire_siren/S-211014_S_103_C_150_0001.wav,fire_siren,val
fire_siren/S-211107_S_103_C_215_0001.wav,fire_siren,val
fire_siren/archive__fire_alarm__2_fire_alarm_548.wav,fire_siren,val
fire_siren/archive__fire_alarm__2_fire_alarm_141.wav,fire_siren,val
fire_siren/archive__fire_alarm__2_fire_alarm_38.wav,fire_siren,val
fire_siren/archive__fire_alarm__2_fire_alarm_427.wav,fire_siren,val
fire_siren/S-211014_S_103_C_255_0001.wav,fire_siren,val
fire_siren/archive__fire_alarm__2_fire_alarm_207.wav,fire_siren,val
fire_siren/S-211107_S_103_C_008_0001.wav,fire_siren,val
fire_siren/archive__fire_alarm__2_fire_alarm_331.wav,fire_siren,val
fire_siren/S-211014_S_103_C_132_0001.wav,fire_siren,val
fire_siren/S-211014_S_103_C_133_0001.wav,fire_siren,val
fire_siren/S-211014_S_103_C_162_0001.wav,fire_siren,val
fire_siren/archive__fire_alarm__2_fire_alarm_432.wav,fire_siren,val
fire_siren/archive__fire_alarm__2_fire_alarm_71.wav,fire_siren,val
fire_siren/S-211014_S_103_C_280_0001.wav,fire_siren,val
fire_siren/archive__fire_alarm__2_fire_alarm_39.wav,fire_siren,val
fire_siren/archive__fire_alarm__2_fire_alarm_541.wav,fire_siren,val
fire_siren/archive__fire_alarm__2_fire_alarm_36.wav,fire_siren,val
fire_siren/S-211014_S_103_C_359_0001.wav,fire_siren,val
fire_siren/S-211107_S_103_C_016_0001.wav,fire_siren,val
fire_siren/archive__fire_alarm__2_fire_alarm_139.wav,fire_siren,val
fire_siren/archive__fire_alarm__2_fire_alarm_534.wav,fire_siren,val
fire_siren/archive__fire_alarm__2_fire_alarm_2.wav,fire_siren,val
fire_siren/archive__fire_alarm__2_fire_alarm_546.wav,fire_siren,val
fire_siren/archive__fire_alarm__2_fire_alarm_355.wav,fire_siren,val
fire_siren/S-211106_S_103_C_011_0001.wav,fire_siren,val
fire_siren/S-211014_S_103_C_231_0001.wav,fire_siren,val
fire_siren/archive__fire_alarm__2_fire_alarm_163.wav,fire_siren,val
fire_siren/S-211106_S_103_C_017_0001.wav,fire_siren,val
fire_siren/archive__fire_alarm__2_fire_alarm_466.wav,fire_siren,val
fire_siren/S-211113_S_103_D_012_0001.wav,fire_siren,val
fire_siren/archive__fire_alarm__2_fire_alarm_154.wav,fire_siren,val
fire_siren/archive__fire_alarm__2_fire_alarm_48.wav,fire_siren,val
fire_siren/archive__fire_alarm__2_fire_alarm_18.wav,fire_siren,val
fire_siren/archive__fire_alarm__2_fire_alarm_324.wav,fire_siren,val
fire_siren/archive__fire_alarm__2_fire_alarm_20.wav,fire_siren,test
fire_siren/archive__fire_alarm__2_fire_alarm_336.wav,fire_siren,test
fire_siren/archive__fire_alarm__2_fire_alarm_560.wav,fire_siren,test
fire_siren/archive__fire_alarm__2_fire_alarm_385.wav,fire_siren,test
fire_siren/archive__fire_alarm__2_fire_alarm_45.wav,fire_siren,test
fire_siren/S-211014_S_103_C_125_0001.wav,fire_siren,test
fire_siren/archive__fire_alarm__2_fire_alarm_320.wav,fire_siren,test
fire_siren/archive__fire_alarm__2_fire_alarm_105.wav,fire_siren,test
fire_siren/S-211014_S_103_C_236_0001.wav,fire_siren,test
fire_siren/S-211014_S_103_C_253_0001.wav,fire_siren,test
fire_siren/archive__fire_alarm__2_fire_alarm_323.wav,fire_siren,test
fire_siren/archive__fire_alarm__2_fire_alarm_144.wav,fire_siren,test
fire_siren/archive__fire_alarm__2_fire_alarm_86.wav,fire_siren,test
fire_siren/archive__fire_alarm__2_fire_alarm_328.wav,fire_siren,test
fire_siren/archive__fire_alarm__2_fire_alarm_146.wav,fire_siren,test
fire_siren/archive__fire_alarm__2_fire_alarm_265.wav,fire_siren,test
fire_siren/archive__fire_alarm__2_fire_alarm_281.wav,fire_siren,test
fire_siren/archive__fire_alarm__2_fire_alarm_506.wav,fire_siren,test
fire_siren/S-211107_S_103_C_036_0001.wav,fire_siren,test
fire_siren/archive__fire_alarm__2_fire_alarm_229.wav,fire_siren,test
fire_siren/archive__fire_alarm__2_fire_alarm_451.wav,fire_siren,test
fire_siren/archive__fire_alarm__2_fire_alarm_126.wav,fire_siren,test
fire_siren/archive__fire_alarm__2_fire_alarm_251.wav,fire_siren,test
fire_siren/archive__fire_alarm__2_fire_alarm_11.wav,fire_siren,test
fire_siren/archive__fire_alarm__2_fire_alarm_69.wav,fire_siren,test
fire_siren/archive__fire_alarm__2_fire_alarm_153.wav,fire_siren,test
fire_siren/archive__fire_alarm__2_fire_alarm_348.wav,fire_siren,test
fire_siren/archive__fire_alarm__2_fire_alarm_579.wav,fire_siren,test
fire_siren/archive__fire_alarm__2_fire_alarm_557.wav,fire_siren,test
fire_siren/S-211014_S_103_C_149_0001.wav,fire_siren,test
fire_siren/archive__fire_alarm__2_fire_alarm_194.wav,fire_siren,test
fire_siren/archive__fire_alarm__2_fire_alarm_112.wav,fire_siren,test
fire_siren/archive__fire_alarm__2_fire_alarm_570.wav,fire_siren,test
fire_siren/archive__fire_alarm__2_fire_alarm_242.wav,fire_siren,test
fire_siren/S-211113_S_103_D_002_0001.wav,fire_siren,test
fire_siren/archive__fire_alarm__2_fire_alarm_578.wav,fire_siren,test
fire_siren/archive__fire_alarm__2_fire_alarm_249.wav,fire_siren,test
fire_siren/archive__fire_alarm__2_fire_alarm_77.wav,fire_siren,test
fire_siren/S-211014_S_103_C_218_0001.wav,fire_siren,test
fire_siren/S-211014_S_103_C_249_0001.wav,fire_siren,test
fire_siren/archive__fire_alarm__2_fire_alarm_347.wav,fire_siren,test
fire_siren/S-211014_S_103_C_272_0001.wav,fire_siren,test
fire_siren/S-211014_S_103_C_223_0001.wav,fire_siren,test
fire_siren/archive__fire_alarm__2_fire_alarm_175.wav,fire_siren,test
fire_siren/archive__fire_alarm__2_fire_alarm_384.wav,fire_siren,test
fire_siren/archive__fire_alarm__2_fire_alarm_270.wav,fire_siren,test
fire_siren/archive__fire_alarm__2_fire_alarm_571.wav,fire_siren,test
fire_siren/archive__fire_alarm__2_fire_alarm_269.wav,fire_siren,test
fire_siren/archive__fire_alarm__2_fire_alarm_109.wav,fire_siren,test
fire_siren/S-211106_S_103_C_012_0001.wav,fire_siren,test
fire_siren/archive__fire_alarm__2_fire_alarm_28.wav,fire_siren,test
fire_siren/archive__fire_alarm__2_fire_alarm_441.wav,fire_siren,test
fire_siren/S-211107_S_103_C_014_0001.wav,fire_siren,test
fire_siren/archive__fire_alarm__2_fire_alarm_90.wav,fire_siren,test
fire_siren/S-211014_S_103_C_198_0001.wav,fire_siren,test
fire_siren/S-211014_S_103_C_161_0001.wav,fire_siren,test
fire_siren/archive__fire_alarm__2_fire_alarm_180.wav,fire_siren,test
fire_siren/S-211113_S_103_C_006_0001.wav,fire_siren,test
fire_siren/archive__fire_alarm__2_fire_alarm_123.wav,fire_siren,test
fire_siren/archive__fire_alarm__2_fire_alarm_485.wav,fire_siren,test
fire_siren/archive__fire_alarm__2_fire_alarm_58.wav,fire_siren,test
fire_siren/S-211106_S_103_C_010_0001.wav,fire_siren,test
fire_siren/S-211127_S_103_C_059_0001.wav,fire_siren,test
fire_siren/archive__fire_alarm__2_fire_alarm_547.wav,fire_siren,test
fire_siren/S-211014_S_103_C_279_0001.wav,fire_siren,test
fire_siren/S-211014_S_103_C_204_0001.wav,fire_siren,test
fire_siren/archive__fire_alarm__2_fire_alarm_63.wav,fire_siren,test
fire_siren/archive__fire_alarm__2_fire_alarm_197.wav,fire_siren,test
fire_siren/S-211014_S_103_C_145_0001.wav,fire_siren,test
fire_siren/archive__fire_alarm__2_fire_alarm_147.wav,fire_siren,test
fire_siren/archive__fire_alarm__2_fire_alarm_402.wav,fire_siren,test
fire_siren/archive__fire_alarm__2_fire_alarm_585.wav,fire_siren,test
fire_siren/archive__fire_alarm__2_fire_alarm_29.wav,fire_siren,test
fire_siren/archive__fire_alarm__2_fire_alarm_149.wav,fire_siren,test
fire_siren/archive__fire_alarm__2_fire_alarm_305.wav,fire_siren,test
fire_siren/archive__fire_alarm__2_fire_alarm_142.wav,fire_siren,test
fire_siren/archive__fire_alarm__2_fire_alarm_459.wav,fire_siren,test
fire_siren/S-211014_S_103_C_356_0001.wav,fire_siren,test
fire_siren/S-211107_S_103_C_024_0001.wav,fire_siren,test
fire_siren/S-211014_S_103_C_165_0001.wav,fire_siren,test
fire_siren/archive__fire_alarm__2_fire_alarm_411.wav,fire_siren,test
fire_siren/archive__fire_alarm__2_fire_alarm_66.wav,fire_siren,test
fire_siren/archive__fire_alarm__2_fire_alarm_24.wav,fire_siren,test
fire_siren/S-211014_S_103_C_128_0001.wav,fire_siren,test
fire_siren/archive__fire_alarm__2_fire_alarm_407.wav,fire_siren,test
fire_siren/S-211014_S_103_C_251_0001.wav,fire_siren,test
fire_siren/archive__fire_alarm__2_fire_alarm_337.wav,fire_siren,test
fire_siren/S-211014_S_103_C_286_0001.wav,fire_siren,test
fire_siren/S-211113_S_103_C_005_0001.wav,fire_siren,test
fire_siren/archive__fire_alarm__2_fire_alarm_278.wav,fire_siren,test
fire_siren/archive__fire_alarm__2_fire_alarm_413.wav,fire_siren,test
fire_siren/archive__fire_alarm__2_fire_alarm_3.wav,fire_siren,test
fire_siren/archive__fire_alarm__2_fire_alarm_588.wav,fire_siren,test
fire_siren/archive__fire_alarm__2_fire_alarm_563.wav,fire_siren,test
fire_siren/archive__fire_alarm__2_fire_alarm_510.wav,fire_siren,test
fire_siren/archive__fire_alarm__2_fire_alarm_577.wav,fire_siren,test
fire_siren/S-211014_S_103_C_164_0001.wav,fire_siren,test
fire_siren/archive__fire_alarm__2_fire_alarm_532.wav,fire_siren,test
fire_siren/S-211014_S_103_C_166_0001.wav,fire_siren,test
fire_siren/S-211014_S_103_C_361_0001.wav,fire_siren,test
fire_siren/archive__fire_alarm__2_fire_alarm_122.wav,fire_siren,test
fire_siren/archive__fire_alarm__2_fire_alarm_515.wav,fire_siren,test
fire_siren/archive__fire_alarm__2_fire_alarm_318.wav,fire_siren,test
fire_siren/archive__fire_alarm__2_fire_alarm_256.wav,fire_siren,test
fire_siren/archive__fire_alarm__2_fire_alarm_404.wav,fire_siren,test
fire_siren/archive__fire_alarm__2_fire_alarm_164.wav,fire_siren,test
fire_siren/archive__fire_alarm__2_fire_alarm_14.wav,fire_siren,test
fire_siren/archive__fire_alarm__2_fire_alarm_171.wav,fire_siren,test
fire_siren/archive__fire_alarm__2_fire_alarm_498.wav,fire_siren,test
fire_siren/archive__fire_alarm__2_fire_alarm_55.wav,fire_siren,test
fire_siren/S-211015_S_103_C_001_0001.wav,fire_siren,test
fire_siren/archive__fire_alarm__2_fire_alarm_260.wav,fire_siren,test
fire_siren/archive__fire_alarm__2_fire_alarm_559.wav,fire_siren,test
fire_siren/archive__fire_alarm__2_fire_alarm_111.wav,fire_siren,test
fire_siren/archive__fire_alarm__2_fire_alarm_262.wav,fire_siren,test
fire_siren/archive__fire_alarm__2_fire_alarm_473.wav,fire_siren,test
fire_siren/archive__fire_alarm__2_fire_alarm_159.wav,fire_siren,test
gas_siren/archive__gas_alarm__3_gas_alarm_413.wav,gas_siren,train
gas_siren/archive__gas_alarm__3_gas_alarm_354.wav,gas_siren,train
gas_siren/archive__gas_alarm__3_gas_alarm_193.wav,gas_siren,train
gas_siren/archive__gas_alarm__3_gas_alarm_154.wav,gas_siren,train
gas_siren/archive__gas_alarm__3_gas_alarm_300.wav,gas_siren,train
gas_siren/archive__gas_alarm__3_gas_alarm_196.wav,gas_siren,train
gas_siren/archive__gas_alarm__3_gas_alarm_249.wav,gas_siren,train
gas_siren/archive__gas_alarm__3_gas_alarm_76.wav,gas_siren,train
gas_siren/archive__gas_alarm__3_gas_alarm_261.wav,gas_siren,train
gas_siren/archive__gas_alarm__3_gas_alarm_472.wav,gas_siren,train
gas_siren/archive__gas_alarm__3_gas_alarm_194.wav,gas_siren,train
gas_siren/archive__gas_alarm__3_gas_alarm_124.wav,gas_siren,train
gas_siren/archive__gas_alarm__3_gas_alarm_442.wav,gas_siren,train
gas_siren/archive__gas_alarm__3_gas_alarm_419.wav,gas_siren,train
gas_siren/archive__gas_alarm__3_gas_alarm_178.wav,gas_siren,train
gas_siren/archive__gas_alarm__3_gas_alarm_118.wav,gas_siren,train
gas_siren/archive__gas_alarm__3_gas_alarm_501.wav,gas_siren,train
gas_siren/archive__gas_alarm__3_gas_alarm_173.wav,gas_siren,train
gas_siren/archive__gas_alarm__3_gas_alarm_350.wav,gas_siren,train
gas_siren/archive__gas_alarm__3_gas_alarm_551.wav,gas_siren,train
gas_siren/archive__gas_alarm__3_gas_alarm_151.wav,gas_siren,train
gas_siren/archive__gas_alarm__3_gas_alarm_236.wav,gas_siren,train
gas_siren/archive__gas_alarm__3_gas_alarm_283.wav,gas_siren,train
gas_siren/archive__gas_alarm__3_gas_alarm_456.wav,gas_siren,train
gas_siren/archive__gas_alarm__3_gas_alarm_459.wav,gas_siren,train
gas_siren/archive__gas_alarm__3_gas_alarm_206.wav,gas_siren,train
gas_siren/archive__gas_alarm__3_gas_alarm_23.wav,gas_siren,train
gas_siren/archive__gas_alarm__3_gas_alarm_553.wav,gas_siren,train
gas_siren/archive__gas_alarm__3_gas_alarm_28.wav,gas_siren,train
gas_siren/archive__gas_alarm__3_gas_alarm_213.wav,gas_siren,train
gas_siren/archive__gas_alarm__3_gas_alarm_550.wav,gas_siren,train
gas_siren/archive__gas_alarm__3_gas_alarm_33.wav,gas_siren,train
gas_siren/archive__gas_alarm__3_gas_alarm_210.wav,gas_siren,train
gas_siren/archive__gas_alarm__3_gas_alarm_27.wav,gas_siren,train
gas_siren/archive__gas_alarm__3_gas_alarm_383.wav,gas_siren,train
gas_siren/archive__gas_alarm__3_gas_alarm_75.wav,gas_siren,train
gas_siren/archive__gas_alarm__3_gas_alarm_136.wav,gas_siren,train
gas_siren/archive__gas_alarm__3_gas_alarm_1.wav,gas_siren,train
gas_siren/archive__gas_alarm__3_gas_alarm_89.wav,gas_siren,train
gas_siren/archive__gas_alarm__3_gas_alarm_200.wav,gas_siren,train
gas_siren/archive__gas_alarm__3_gas_alarm_155.wav,gas_siren,train
gas_siren/archive__gas_alarm__3_gas_alarm_451.wav,gas_siren,train
gas_siren/archive__gas_alarm__3_gas_alarm_202.wav,gas_siren,train
gas_siren/archive__gas_alarm__3_gas_alarm_588.wav,gas_siren,train
gas_siren/archive__gas_alarm__3_gas_alarm_479.wav,gas_siren,train
gas_siren/archive__gas_alarm__3_gas_alarm_21.wav,gas_siren,train
gas_siren/archive__gas_alarm__3_gas_alarm_559.wav,gas_siren,train
gas_siren/archive__gas_alarm__3_gas_alarm_266.wav,gas_siren,train
gas_siren/archive__gas_alarm__3_gas_alarm_565.wav,gas_siren,train
gas_siren/archive__gas_alarm__3_gas_alarm_406.wav,gas_siren,train
gas_siren/archive__gas_alarm__3_gas_alarm_24.wav,gas_siren,train
gas_siren/archive__gas_alarm__3_gas_alarm_150.wav,gas_siren,train
gas_siren/archive__gas_alarm__3_gas_alarm_192.wav,gas_siren,train
gas_siren/archive__gas_alarm__3_gas_alarm_88.wav,gas_siren,train
gas_siren/archive__gas_alarm__3_gas_alarm_303.wav,gas_siren,train
gas_siren/archive__gas_alarm__3_gas_alarm_294.wav,gas_siren,train
gas_siren/archive__gas_alarm__3_gas_alarm_66.wav,gas_siren,train
gas_siren/archive__gas_alarm__3_gas_alarm_359.wav,gas_siren,train
gas_siren/archive__gas_alarm__3_gas_alarm_365.wav,gas_siren,train
gas_siren/archive__gas_alarm__3_gas_alarm_125.wav,gas_siren,train
gas_siren/archive__gas_alarm__3_gas_alarm_177.wav,gas_siren,train
gas_siren/archive__gas_alarm__3_gas_alarm_174.wav,gas_siren,train
gas_siren/archive__gas_alarm__3_gas_alarm_509.wav,gas_siren,train
gas_siren/archive__gas_alarm__3_gas_alarm_100.wav,gas_siren,train
gas_siren/archive__gas_alarm__3_gas_alarm_535.wav,gas_siren,train
gas_siren/archive__gas_alarm__3_gas_alarm_45.wav,gas_siren,train
gas_siren/archive__gas_alarm__3_gas_alarm_579.wav,gas_siren,train
gas_siren/archive__gas_alarm__3_gas_alarm_341.wav,gas_siren,train
gas_siren/archive__gas_alarm__3_gas_alarm_39.wav,gas_siren,train
gas_siren/archive__gas_alarm__3_gas_alarm_199.wav,gas_siren,train
gas_siren/archive__gas_alarm__3_gas_alarm_235.wav,gas_siren,train
gas_siren/archive__gas_alarm__3_gas_alarm_80.wav,gas_siren,train
gas_siren/archive__gas_alarm__3_gas_alarm_349.wav,gas_siren,train
gas_siren/archive__gas_alarm__3_gas_alarm_443.wav,gas_siren,train
gas_siren/archive__gas_alarm__3_gas_alarm_99.wav,gas_siren,train
gas_siren/archive__gas_alarm__3_gas_alarm_297.wav,gas_siren,train
gas_siren/archive__gas_alarm__3_gas_alarm_203.wav,gas_siren,train
gas_siren/archive__gas_alarm__3_gas_alarm_513.wav,gas_siren,train
gas_siren/archive__gas_alarm__3_gas_alarm_547.wav,gas_siren,train
gas_siren/archive__gas_alarm__3_gas_alarm_568.wav,gas_siren,train
gas_siren/archive__gas_alarm__3_gas_alarm_120.wav,gas_siren,train
gas_siren/archive__gas_alarm__3_gas_alarm_576.wav,gas_siren,train
gas_siren/archive__gas_alarm__3_gas_alarm_14.wav,gas_siren,train
gas_siren/archive__gas_alarm__3_gas_alarm_592.wav,gas_siren,train
gas_siren/archive__gas_alarm__3_gas_alarm_484.wav,gas_siren,train
gas_siren/archive__gas_alarm__3_gas_alarm_6.wav,gas_siren,train
gas_siren/archive__gas_alarm__3_gas_alarm_204.wav,gas_siren,train
gas_siren/archive__gas_alarm__3_gas_alarm_572.wav,gas_siren,train
gas_siren/archive__gas_alarm__3_gas_alarm_491.wav,gas_siren,train
gas_siren/archive__gas_alarm__3_gas_alarm_478.wav,gas_siren,train
gas_siren/archive__gas_alarm__3_gas_alarm_401.wav,gas_siren,train
gas_siren/archive__gas_alarm__3_gas_alarm_316.wav,gas_siren,train
gas_siren/archive__gas_alarm__3_gas_alarm_450.wav,gas_siren,train
gas_siren/archive__gas_alarm__3_gas_alarm_532.wav,gas_siren,train
gas_siren/archive__gas_alarm__3_gas_alarm_288.wav,gas_siren,train
gas_siren/archive__gas_alarm__3_gas_alarm_111.wav,gas_siren,train
gas_siren/archive__gas_alarm__3_gas_alarm_363.wav,gas_siren,train
gas_siren/archive__gas_alarm__3_gas_alarm_518.wav,gas_siren,train
gas_siren/archive__gas_alarm__3_gas_alarm_381.wav,gas_siren,train
gas_siren/archive__gas_alarm__3_gas_alarm_299.wav,gas_siren,train
gas_siren/archive__gas_alarm__3_gas_alarm_439.wav,gas_siren,train
gas_siren/archive__gas_alarm__3_gas_alarm_511.wav,gas_siren,train
gas_siren/archive__gas_alarm__3_gas_alarm_275.wav,gas_siren,train
gas_siren/archive__gas_alarm__3_gas_alarm_514.wav,gas_siren,train
gas_siren/archive__gas_alarm__3_gas_alarm_376.wav,gas_siren,train
gas_siren/archive__gas_alarm__3_gas_alarm_598.wav,gas_siren,train
gas_siren/archive__gas_alarm__3_gas_alarm_229.wav,gas_siren,train
gas_siren/archive__gas_alarm__3_gas_alarm_366.wav,gas_siren,train
gas_siren/archive__gas_alarm__3_gas_alarm_41.wav,gas_siren,train
gas_siren/archive__gas_alarm__3_gas_alarm_296.wav,gas_siren,train
gas_siren/archive__gas_alarm__3_gas_alarm_407.wav,gas_siren,train
gas_siren/archive__gas_alarm__3_gas_alarm_557.wav,gas_siren,train
gas_siren/archive__gas_alarm__3_gas_alarm_230.wav,gas_siren,train
gas_siren/archive__gas_alarm__3_gas_alarm_374.wav,gas_siren,train
gas_siren/archive__gas_alarm__3_gas_alarm_322.wav,gas_siren,train
gas_siren/archive__gas_alarm__3_gas_alarm_392.wav,gas_siren,train
gas_siren/archive__gas_alarm__3_gas_alarm_172.wav,gas_siren,train
gas_siren/archive__gas_alarm__3_gas_alarm_78.wav,gas_siren,train
gas_siren/archive__gas_alarm__3_gas_alarm_42.wav,gas_siren,train
gas_siren/archive__gas_alarm__3_gas_alarm_121.wav,gas_siren,train
gas_siren/archive__gas_alarm__3_gas_alarm_265.wav,gas_siren,train
gas_siren/archive__gas_alarm__3_gas_alarm_404.wav,gas_siren,train
gas_siren/archive__gas_alarm__3_gas_alarm_182.wav,gas_siren,train
gas_siren/archive__gas_alarm__3_gas_alarm_458.wav,gas_siren,train
gas_siren/archive__gas_alarm__3_gas_alarm_393.wav,gas_siren,train
gas_siren/archive__gas_alarm__3_gas_alarm_8.wav,gas_siren,train
gas_siren/archive__gas_alarm__3_gas_alarm_577.wav,gas_siren,train
gas_siren/archive__gas_alarm__3_gas_alarm_148.wav,gas_siren,train
gas_siren/archive__gas_alarm__3_gas_alarm_94.wav,gas_siren,train
gas_siren/archive__gas_alarm__3_gas_alarm_574.wav,gas_siren,train
gas_siren/archive__gas_alarm__3_gas_alarm_411.wav,gas_siren,train
gas_siren/archive__gas_alarm__3_gas_alarm_117.wav,gas_siren,train
gas_siren/archive__gas_alarm__3_gas_alarm_390.wav,gas_siren,train
gas_siren/archive__gas_alarm__3_gas_alarm_225.wav,gas_siren,train
gas_siren/archive__gas_alarm__3_gas_alarm_373.wav,gas_siren,train
gas_siren/archive__gas_alarm__3_gas_alarm_541.wav,gas_siren,train
gas_siren/archive__gas_alarm__3_gas_alarm_171.wav,gas_siren,train
gas_siren/archive__gas_alarm__3_gas_alarm_273.wav,gas_siren,train
gas_siren/archive__gas_alarm__3_gas_alarm_323.wav,gas_siren,train
gas_siren/archive__gas_alarm__3_gas_alarm_184.wav,gas_siren,train
gas_siren/archive__gas_alarm__3_gas_alarm_69.wav,gas_siren,train
gas_siren/archive__gas_alarm__3_gas_alarm_110.wav,gas_siren,train
gas_siren/archive__gas_alarm__3_gas_alarm_396.wav,gas_siren,train
gas_siren/archive__gas_alarm__3_gas_alarm_157.wav,gas_siren,train
gas_siren/archive__gas_alarm__3_gas_alarm_134.wav,gas_siren,train
gas_siren/archive__gas_alarm__3_gas_alarm_493.wav,gas_siren,train
gas_siren/archive__gas_alarm__3_gas_alarm_232.wav,gas_siren,train
gas_siren/archive__gas_alarm__3_gas_alarm_486.wav,gas_siren,train
gas_siren/archive__gas_alarm__3_gas_alarm_237.wav,gas_siren,train
gas_siren/archive__gas_alarm__3_gas_alarm_162.wav,gas_siren,train
gas_siren/archive__gas_alarm__3_gas_alarm_133.wav,gas_siren,train
gas_siren/archive__gas_alarm__3_gas_alarm_463.wav,gas_siren,train
gas_siren/archive__gas_alarm__3_gas_alarm_561.wav,gas_siren,train
gas_siren/archive__gas_alarm__3_gas_alarm_529.wav,gas_siren,train
gas_siren/archive__gas_alarm__3_gas_alarm_48.wav,gas_siren,train
gas_siren/archive__gas_alarm__3_gas_alarm_145.wav,gas_siren,train
gas_siren/archive__gas_alarm__3_gas_alarm_371.wav,gas_siren,train
gas_siren/archive__gas_alarm__3_gas_alarm_356.wav,gas_siren,train
gas_siren/archive__gas_alarm__3_gas_alarm_386.wav,gas_siren,train
gas_siren/archive__gas_alarm__3_gas_alarm_543.wav,gas_siren,train
gas_siren/archive__gas_alarm__3_gas_alarm_92.wav,gas_siren,train
gas_siren/archive__gas_alarm__3_gas_alarm_599.wav,gas_siren,train
gas_siren/archive__gas_alarm__3_gas_alarm_542.wav,gas_siren,train
gas_siren/archive__gas_alarm__3_gas_alarm_62.wav,gas_siren,train
gas_siren/archive__gas_alarm__3_gas_alarm_141.wav,gas_siren,train
gas_siren/archive__gas_alarm__3_gas_alarm_79.wav,gas_siren,train
gas_siren/archive__gas_alarm__3_gas_alarm_44.wav,gas_siren,train
gas_siren/archive__gas_alarm__3_gas_alarm_476.wav,gas_siren,train
gas_siren/archive__gas_alarm__3_gas_alarm_394.wav,gas_siren,train
gas_siren/archive__gas_alarm__3_gas_alarm_68.wav,gas_siren,train
gas_siren/archive__gas_alarm__3_gas_alarm_179.wav,gas_siren,train
gas_siren/archive__gas_alarm__3_gas_alarm_389.wav,gas_siren,train
gas_siren/archive__gas_alarm__3_gas_alarm_112.wav,gas_siren,train
gas_siren/archive__gas_alarm__3_gas_alarm_138.wav,gas_siren,train
gas_siren/archive__gas_alarm__3_gas_alarm_564.wav,gas_siren,train
gas_siren/archive__gas_alarm__3_gas_alarm_137.wav,gas_siren,train
gas_siren/archive__gas_alarm__3_gas_alarm_531.wav,gas_siren,train
gas_siren/archive__gas_alarm__3_gas_alarm_25.wav,gas_siren,train
gas_siren/archive__gas_alarm__3_gas_alarm_54.wav,gas_siren,train
gas_siren/archive__gas_alarm__3_gas_alarm_91.wav,gas_siren,train
gas_siren/archive__gas_alarm__3_gas_alarm_245.wav,gas_siren,train
gas_siren/archive__gas_alarm__3_gas_alarm_536.wav,gas_siren,train
gas_siren/archive__gas_alarm__3_gas_alarm_593.wav,gas_siren,train
gas_siren/archive__gas_alarm__3_gas_alarm_159.wav,gas_siren,train
gas_siren/archive__gas_alarm__3_gas_alarm_19.wav,gas_siren,train
gas_siren/archive__gas_alarm__3_gas_alarm_591.wav,gas_siren,train
gas_siren/archive__gas_alarm__3_gas_alarm_460.wav,gas_siren,train
gas_siren/archive__gas_alarm__3_gas_alarm_122.wav,gas_siren,train
gas_siren/archive__gas_alarm__3_gas_alarm_239.wav,gas_siren,train
gas_siren/archive__gas_alarm__3_gas_alarm_340.wav,gas_siren,train
gas_siren/archive__gas_alarm__3_gas_alarm_246.wav,gas_siren,train
gas_siren/archive__gas_alarm__3_gas_alarm_156.wav,gas_siren,train
gas_siren/archive__gas_alarm__3_gas_alarm_537.wav,gas_siren,train
gas_siren/archive__gas_alarm__3_gas_alarm_16.wav,gas_siren,train
gas_siren/archive__gas_alarm__3_gas_alarm_278.wav,gas_siren,train
gas_siren/archive__gas_alarm__3_gas_alarm_123.wav,gas_siren,train
gas_siren/archive__gas_alarm__3_gas_alarm_449.wav,gas_siren,train
gas_siren/archive__gas_alarm__3_gas_alarm_338.wav,gas_siren,train
gas_siren/archive__gas_alarm__3_gas_alarm_143.wav,gas_siren,train
gas_siren/archive__gas_alarm__3_gas_alarm_415.wav,gas_siren,train
gas_siren/archive__gas_alarm__3_gas_alarm_114.wav,gas_siren,train
gas_siren/archive__gas_alarm__3_gas_alarm_129.wav,gas_siren,train
gas_siren/archive__gas_alarm__3_gas_alarm_582.wav,gas_siren,train
gas_siren/archive__gas_alarm__3_gas_alarm_397.wav,gas_siren,train
gas_siren/archive__gas_alarm__3_gas_alarm_17.wav,gas_siren,train
gas_siren/archive__gas_alarm__3_gas_alarm_380.wav,gas_siren,train
gas_siren/archive__gas_alarm__3_gas_alarm_566.wav,gas_siren,train
gas_siren/archive__gas_alarm__3_gas_alarm_305.wav,gas_siren,train
gas_siren/archive__gas_alarm__3_gas_alarm_379.wav,gas_siren,train
gas_siren/archive__gas_alarm__3_gas_alarm_469.wav,gas_siren,train
gas_siren/archive__gas_alarm__3_gas_alarm_253.wav,gas_siren,train
gas_siren/archive__gas_alarm__3_gas_alarm_466.wav,gas_siren,train
gas_siren/archive__gas_alarm__3_gas_alarm_357.wav,gas_siren,train
gas_siren/archive__gas_alarm__3_gas_alarm_49.wav,gas_siren,train
gas_siren/archive__gas_alarm__3_gas_alarm_298.wav,gas_siren,train
gas_siren/archive__gas_alarm__3_gas_alarm_201.wav,gas_siren,train
gas_siren/archive__gas_alarm__3_gas_alarm_38.wav,gas_siren,train
gas_siren/archive__gas_alarm__3_gas_alarm_284.wav,gas_siren,train
gas_siren/archive__gas_alarm__3_gas_alarm_147.wav,gas_siren,train
gas_siren/archive__gas_alarm__3_gas_alarm_228.wav,gas_siren,train
gas_siren/archive__gas_alarm__3_gas_alarm_409.wav,gas_siren,train
gas_siren/archive__gas_alarm__3_gas_alarm_474.wav,gas_siren,train
gas_siren/archive__gas_alarm__3_gas_alarm_516.wav,gas_siren,train
gas_siren/archive__gas_alarm__3_gas_alarm_317.wav,gas_siren,train
gas_siren/archive__gas_alarm__3_gas_alarm_362.wav,gas_siren,train
gas_siren/archive__gas_alarm__3_gas_alarm_189.wav,gas_siren,train
gas_siren/archive__gas_alarm__3_gas_alarm_319.wav,gas_siren,train
gas_siren/archive__gas_alarm__3_gas_alarm_489.wav,gas_siren,train
gas_siren/archive__gas_alarm__3_gas_alarm_86.wav,gas_siren,train
gas_siren/archive__gas_alarm__3_gas_alarm_12.wav,gas_siren,train
gas_siren/archive__gas_alarm__3_gas_alarm_554.wav,gas_siren,train
gas_siren/archive__gas_alarm__3_gas_alarm_18.wav,gas_siren,train
gas_siren/archive__gas_alarm__3_gas_alarm_264.wav,gas_siren,train
gas_siren/archive__gas_alarm__3_gas_alarm_391.wav,gas_siren,train
gas_siren/archive__gas_alarm__3_gas_alarm_175.wav,gas_siren,train
gas_siren/archive__gas_alarm__3_gas_alarm_519.wav,gas_siren,train
gas_siren/archive__gas_alarm__3_gas_alarm_256.wav,gas_siren,train
gas_siren/archive__gas_alarm__3_gas_alarm_71.wav,gas_siren,train
gas_siren/archive__gas_alarm__3_gas_alarm_584.wav,gas_siren,train
gas_siren/archive__gas_alarm__3_gas_alarm_29.wav,gas_siren,train
gas_siren/archive__gas_alarm__3_gas_alarm_586.wav,gas_siren,train
gas_siren/archive__gas_alarm__3_gas_alarm_421.wav,gas_siren,train
gas_siren/archive__gas_alarm__3_gas_alarm_403.wav,gas_siren,train
gas_siren/archive__gas_alarm__3_gas_alarm_570.wav,gas_siren,train
gas_siren/archive__gas_alarm__3_gas_alarm_502.wav,gas_siren,train
gas_siren/archive__gas_alarm__3_gas_alarm_434.wav,gas_siren,train
gas_siren/archive__gas_alarm__3_gas_alarm_72.wav,gas_siren,train
gas_siren/archive__gas_alarm__3_gas_alarm_146.wav,gas_siren,train
gas_siren/archive__gas_alarm__3_gas_alarm_500.wav,gas_siren,train
gas_siren/archive__gas_alarm__3_gas_alarm_9.wav,gas_siren,train
gas_siren/archive__gas_alarm__3_gas_alarm_152.wav,gas_siren,train
gas_siren/archive__gas_alarm__3_gas_alarm_585.wav,gas_siren,train
gas_siren/archive__gas_alarm__3_gas_alarm_571.wav,gas_siren,train
gas_siren/archive__gas_alarm__3_gas_alarm_306.wav,gas_siren,train
gas_siren/archive__gas_alarm__3_gas_alarm_293.wav,gas_siren,train
gas_siren/archive__gas_alarm__3_gas_alarm_523.wav,gas_siren,train
gas_siren/archive__gas_alarm__3_gas_alarm_96.wav,gas_siren,train
gas_siren/archive__gas_alarm__3_gas_alarm_304.wav,gas_siren,train
gas_siren/archive__gas_alarm__3_gas_alarm_402.wav,gas_siren,train
gas_siren/archive__gas_alarm__3_gas_alarm_455.wav,gas_siren,train
gas_siren/archive__gas_alarm__3_gas_alarm_508.wav,gas_siren,train
gas_siren/archive__gas_alarm__3_gas_alarm_594.wav,gas_siren,train
gas_siren/archive__gas_alarm__3_gas_alarm_93.wav,gas_siren,train
gas_siren/archive__gas_alarm__3_gas_alarm_109.wav,gas_siren,train
gas_siren/archive__gas_alarm__3_gas_alarm_164.wav,gas_siren,train
gas_siren/archive__gas_alarm__3_gas_alarm_116.wav,gas_siren,train
gas_siren/archive__gas_alarm__3_gas_alarm_427.wav,gas_siren,train
gas_siren/archive__gas_alarm__3_gas_alarm_377.wav,gas_siren,train
gas_siren/archive__gas_alarm__3_gas_alarm_315.wav,gas_siren,train
gas_siren/archive__gas_alarm__3_gas_alarm_352.wav,gas_siren,train
gas_siren/archive__gas_alarm__3_gas_alarm_140.wav,gas_siren,train
gas_siren/archive__gas_alarm__3_gas_alarm_5.wav,gas_siren,train
gas_siren/archive__gas_alarm__3_gas_alarm_345.wav,gas_siren,train
gas_siren/archive__gas_alarm__3_gas_alarm_220.wav,gas_siren,train
gas_siren/archive__gas_alarm__3_gas_alarm_480.wav,gas_siren,train
gas_siren/archive__gas_alarm__3_gas_alarm_56.wav,gas_siren,train
gas_siren/archive__gas_alarm__3_gas_alarm_73.wav,gas_siren,train
gas_siren/archive__gas_alarm__3_gas_alarm_548.wav,gas_siren,train
gas_siren/archive__gas_alarm__3_gas_alarm_59.wav,gas_siren,train
gas_siren/archive__gas_alarm__3_gas_alarm_102.wav,gas_siren,train
gas_siren/archive__gas_alarm__3_gas_alarm_214.wav,gas_siren,train
gas_siren/archive__gas_alarm__3_gas_alarm_314.wav,gas_siren,train
gas_siren/archive__gas_alarm__3_gas_alarm_555.wav,gas_siren,train
gas_siren/archive__gas_alarm__3_gas_alarm_492.wav,gas_siren,train
gas_siren/archive__gas_alarm__3_gas_alarm_223.wav,gas_siren,train
gas_siren/archive__gas_alarm__3_gas_alarm_408.wav,gas_siren,train
gas_siren/archive__gas_alarm__3_gas_alarm_597.wav,gas_siren,train
gas_siren/archive__gas_alarm__3_gas_alarm_462.wav,gas_siren,train
gas_siren/archive__gas_alarm__3_gas_alarm_312.wav,gas_siren,train
gas_siren/archive__gas_alarm__3_gas_alarm_289.wav,gas_siren,train
gas_siren/archive__gas_alarm__3_gas_alarm_430.wav,gas_siren,train
gas_siren/archive__gas_alarm__3_gas_alarm_308.wav,gas_siren,train
gas_siren/archive__gas_alarm__3_gas_alarm_517.wav,gas_siren,train
gas_siren/archive__gas_alarm__3_gas_alarm_347.wav,gas_siren,train
gas_siren/archive__gas_alarm__3_gas_alarm_244.wav,gas_siren,train
gas_siren/archive__gas_alarm__3_gas_alarm_205.wav,gas_siren,train
gas_siren/archive__gas_alarm__3_gas_alarm_372.wav,gas_siren,train
gas_siren/archive__gas_alarm__3_gas_alarm_167.wav,gas_siren,train
gas_siren/archive__gas_alarm__3_gas_alarm_353.wav,gas_siren,train
gas_siren/archive__gas_alarm__3_gas_alarm_546.wav,gas_siren,train
gas_siren/archive__gas_alarm__3_gas_alarm_344.wav,gas_siren,train
gas_siren/archive__gas_alarm__3_gas_alarm_107.wav,gas_siren,train
gas_siren/archive__gas_alarm__3_gas_alarm_132.wav,gas_siren,train
gas_siren/archive__gas_alarm__3_gas_alarm_309.wav,gas_siren,train
gas_siren/archive__gas_alarm__3_gas_alarm_215.wav,gas_siren,train
gas_siren/archive__gas_alarm__3_gas_alarm_161.wav,gas_siren,train
gas_siren/archive__gas_alarm__3_gas_alarm_446.wav,gas_siren,train
gas_siren/archive__gas_alarm__3_gas_alarm_251.wav,gas_siren,train
gas_siren/archive__gas_alarm__3_gas_alarm_153.wav,gas_siren,train
gas_siren/archive__gas_alarm__3_gas_alarm_11.wav,gas_siren,train
gas_siren/archive__gas_alarm__3_gas_alarm_302.wav,gas_siren,train
gas_siren/archive__gas_alarm__3_gas_alarm_587.wav,gas_siren,train
gas_siren/archive__gas_alarm__3_gas_alarm_260.wav,gas_siren,train
gas_siren/archive__gas_alarm__3_gas_alarm_292.wav,gas_siren,train
gas_siren/archive__gas_alarm__3_gas_alarm_527.wav,gas_siren,train
gas_siren/archive__gas_alarm__3_gas_alarm_596.wav,gas_siren,train
gas_siren/archive__gas_alarm__3_gas_alarm_46.wav,gas_siren,train
gas_siren/archive__gas_alarm__3_gas_alarm_364.wav,gas_siren,train
gas_siren/archive__gas_alarm__3_gas_alarm_63.wav,gas_siren,train
gas_siren/archive__gas_alarm__3_gas_alarm_398.wav,gas_siren,train
gas_siren/archive__gas_alarm__3_gas_alarm_418.wav,gas_siren,train
gas_siren/archive__gas_alarm__3_gas_alarm_370.wav,gas_siren,train
gas_siren/archive__gas_alarm__3_gas_alarm_524.wav,gas_siren,train
gas_siren/archive__gas_alarm__3_gas_alarm_420.wav,gas_siren,train
gas_siren/archive__gas_alarm__3_gas_alarm_263.wav,gas_siren,train
gas_siren/archive__gas_alarm__3_gas_alarm_85.wav,gas_siren,train
gas_siren/archive__gas_alarm__3_gas_alarm_208.wav,gas_siren,train
gas_siren/archive__gas_alarm__3_gas_alarm_165.wav,gas_siren,train
gas_siren/archive__gas_alarm__3_gas_alarm_271.wav,gas_siren,train
gas_siren/archive__gas_alarm__3_gas_alarm_127.wav,gas_siren,train
gas_siren/archive__gas_alarm__3_gas_alarm_481.wav,gas_siren,train
gas_siren/archive__gas_alarm__3_gas_alarm_67.wav,gas_siren,train
gas_siren/archive__gas_alarm__3_gas_alarm_326.wav,gas_siren,train
gas_siren/archive__gas_alarm__3_gas_alarm_180.wav,gas_siren,train
gas_siren/archive__gas_alarm__3_gas_alarm_51.wav,gas_siren,train
gas_siren/archive__gas_alarm__3_gas_alarm_355.wav,gas_siren,train
gas_siren/archive__gas_alarm__3_gas_alarm_291.wav,gas_siren,train
gas_siren/archive__gas_alarm__3_gas_alarm_438.wav,gas_siren,train
gas_siren/archive__gas_alarm__3_gas_alarm_400.wav,gas_siren,train
gas_siren/archive__gas_alarm__3_gas_alarm_525.wav,gas_siren,train
gas_siren/archive__gas_alarm__3_gas_alarm_530.wav,gas_siren,train
gas_siren/archive__gas_alarm__3_gas_alarm_453.wav,gas_siren,train
gas_siren/archive__gas_alarm__3_gas_alarm_13.wav,gas_siren,train
gas_siren/archive__gas_alarm__3_gas_alarm_512.wav,gas_siren,train
gas_siren/archive__gas_alarm__3_gas_alarm_90.wav,gas_siren,train
gas_siren/archive__gas_alarm__3_gas_alarm_307.wav,gas_siren,train
gas_siren/archive__gas_alarm__3_gas_alarm_183.wav,gas_siren,train
gas_siren/archive__gas_alarm__3_gas_alarm_412.wav,gas_siren,train
gas_siren/archive__gas_alarm__3_gas_alarm_360.wav,gas_siren,train
gas_siren/archive__gas_alarm__3_gas_alarm_30.wav,gas_siren,train
gas_siren/archive__gas_alarm__3_gas_alarm_168.wav,gas_siren,train
gas_siren/archive__gas_alarm__3_gas_alarm_496.wav,gas_siren,train
gas_siren/archive__gas_alarm__3_gas_alarm_351.wav,gas_siren,train
gas_siren/archive__gas_alarm__3_gas_alarm_222.wav,gas_siren,train
gas_siren/archive__gas_alarm__3_gas_alarm_310.wav,gas_siren,train
gas_siren/archive__gas_alarm__3_gas_alarm_160.wav,gas_siren,train
gas_siren/archive__gas_alarm__3_gas_alarm_337.wav,gas_siren,train
gas_siren/archive__gas_alarm__3_gas_alarm_499.wav,gas_siren,train
gas_siren/archive__gas_alarm__3_gas_alarm_268.wav,gas_siren,train
gas_siren/archive__gas_alarm__3_gas_alarm_424.wav,gas_siren,train
gas_siren/archive__gas_alarm__3_gas_alarm_318.wav,gas_siren,train
gas_siren/archive__gas_alarm__3_gas_alarm_108.wav,gas_siren,train
gas_siren/archive__gas_alarm__3_gas_alarm_445.wav,gas_siren,train
gas_siren/archive__gas_alarm__3_gas_alarm_539.wav,gas_siren,train
gas_siren/archive__gas_alarm__3_gas_alarm_34.wav,gas_siren,train
gas_siren/archive__gas_alarm__3_gas_alarm_475.wav,gas_siren,train
gas_siren/archive__gas_alarm__3_gas_alarm_139.wav,gas_siren,train
gas_siren/archive__gas_alarm__3_gas_alarm_7.wav,gas_siren,train
gas_siren/archive__gas_alarm__3_gas_alarm_522.wav,gas_siren,train
gas_siren/archive__gas_alarm__3_gas_alarm_3.wav,gas_siren,train
gas_siren/archive__gas_alarm__3_gas_alarm_487.wav,gas_siren,train
gas_siren/archive__gas_alarm__3_gas_alarm_252.wav,gas_siren,train
gas_siren/archive__gas_alarm__3_gas_alarm_231.wav,gas_siren,train
gas_siren/archive__gas_alarm__3_gas_alarm_417.wav,gas_siren,train
gas_siren/archive__gas_alarm__3_gas_alarm_334.wav,gas_siren,train
gas_siren/archive__gas_alarm__3_gas_alarm_242.wav,gas_siren,train
gas_siren/archive__gas_alarm__3_gas_alarm_515.wav,gas_siren,train
gas_siren/archive__gas_alarm__3_gas_alarm_331.wav,gas_siren,train
gas_siren/archive__gas_alarm__3_gas_alarm_429.wav,gas_siren,train
gas_siren/archive__gas_alarm__3_gas_alarm_234.wav,gas_siren,train
gas_siren/archive__gas_alarm__3_gas_alarm_77.wav,gas_siren,train
gas_siren/archive__gas_alarm__3_gas_alarm_494.wav,gas_siren,train
gas_siren/archive__gas_alarm__3_gas_alarm_52.wav,gas_siren,train
gas_siren/archive__gas_alarm__3_gas_alarm_346.wav,gas_siren,train
gas_siren/archive__gas_alarm__3_gas_alarm_84.wav,gas_siren,train
gas_siren/archive__gas_alarm__3_gas_alarm_454.wav,gas_siren,train
gas_siren/archive__gas_alarm__3_gas_alarm_128.wav,gas_siren,train
gas_siren/archive__gas_alarm__3_gas_alarm_35.wav,gas_siren,train
gas_siren/archive__gas_alarm__3_gas_alarm_436.wav,gas_siren,train
gas_siren/archive__gas_alarm__3_gas_alarm_426.wav,gas_siren,train
gas_siren/archive__gas_alarm__3_gas_alarm_526.wav,gas_siren,train
gas_siren/archive__gas_alarm__3_gas_alarm_113.wav,gas_siren,train
gas_siren/archive__gas_alarm__3_gas_alarm_569.wav,gas_siren,train
gas_siren/archive__gas_alarm__3_gas_alarm_65.wav,gas_siren,train
gas_siren/archive__gas_alarm__3_gas_alarm_169.wav,gas_siren,train
gas_siren/archive__gas_alarm__3_gas_alarm_98.wav,gas_siren,train
gas_siren/archive__gas_alarm__3_gas_alarm_578.wav,gas_siren,train
gas_siren/archive__gas_alarm__3_gas_alarm_464.wav,gas_siren,train
gas_siren/archive__gas_alarm__3_gas_alarm_187.wav,gas_siren,train
gas_siren/archive__gas_alarm__3_gas_alarm_573.wav,gas_siren,train
gas_siren/archive__gas_alarm__3_gas_alarm_176.wav,gas_siren,train
gas_siren/archive__gas_alarm__3_gas_alarm_416.wav,gas_siren,train
gas_siren/archive__gas_alarm__3_gas_alarm_473.wav,gas_siren,train
gas_siren/archive__gas_alarm__3_gas_alarm_248.wav,gas_siren,train
gas_siren/archive__gas_alarm__3_gas_alarm_255.wav,gas_siren,train
gas_siren/archive__gas_alarm__3_gas_alarm_50.wav,gas_siren,train
gas_siren/archive__gas_alarm__3_gas_alarm_70.wav,gas_siren,train
gas_siren/archive__gas_alarm__3_gas_alarm_425.wav,gas_siren,train
gas_siren/archive__gas_alarm__3_gas_alarm_482.wav,gas_siren,train
gas_siren/archive__gas_alarm__3_gas_alarm_521.wav,gas_siren,train
gas_siren/archive__gas_alarm__3_gas_alarm_324.wav,gas_siren,train
gas_siren/archive__gas_alarm__3_gas_alarm_433.wav,gas_siren,train
gas_siren/archive__gas_alarm__3_gas_alarm_226.wav,gas_siren,train
gas_siren/archive__gas_alarm__3_gas_alarm_428.wav,gas_siren,train
gas_siren/archive__gas_alarm__3_gas_alarm_562.wav,gas_siren,train
gas_siren/archive__gas_alarm__3_gas_alarm_15.wav,gas_siren,train
gas_siren/archive__gas_alarm__3_gas_alarm_37.wav,gas_siren,train
gas_siren/archive__gas_alarm__3_gas_alarm_211.wav,gas_siren,train
gas_siren/archive__gas_alarm__3_gas_alarm_209.wav,gas_siren,train
gas_siren/archive__gas_alarm__3_gas_alarm_563.wav,gas_siren,train
gas_siren/archive__gas_alarm__3_gas_alarm_327.wav,gas_siren,val
gas_siren/archive__gas_alarm__3_gas_alarm_257.wav,gas_siren,val
gas_siren/archive__gas_alarm__3_gas_alarm_74.wav,gas_siren,val
gas_siren/archive__gas_alarm__3_gas_alarm_43.wav,gas_siren,val
gas_siren/archive__gas_alarm__3_gas_alarm_0.wav,gas_siren,val
gas_siren/archive__gas_alarm__3_gas_alarm_267.wav,gas_siren,val
gas_siren/archive__gas_alarm__3_gas_alarm_241.wav,gas_siren,val
gas_siren/archive__gas_alarm__3_gas_alarm_259.wav,gas_siren,val
gas_siren/archive__gas_alarm__3_gas_alarm_26.wav,gas_siren,val
gas_siren/archive__gas_alarm__3_gas_alarm_470.wav,gas_siren,val
gas_siren/archive__gas_alarm__3_gas_alarm_97.wav,gas_siren,val
gas_siren/archive__gas_alarm__3_gas_alarm_395.wav,gas_siren,val
gas_siren/archive__gas_alarm__3_gas_alarm_528.wav,gas_siren,val
gas_siren/archive__gas_alarm__3_gas_alarm_540.wav,gas_siren,val
gas_siren/archive__gas_alarm__3_gas_alarm_558.wav,gas_siren,val
gas_siren/archive__gas_alarm__3_gas_alarm_369.wav,gas_siren,val
gas_siren/archive__gas_alarm__3_gas_alarm_506.wav,gas_siren,val
gas_siren/archive__gas_alarm__3_gas_alarm_549.wav,gas_siren,val
gas_siren/archive__gas_alarm__3_gas_alarm_272.wav,gas_siren,val
gas_siren/archive__gas_alarm__3_gas_alarm_149.wav,gas_siren,val
gas_siren/archive__gas_alarm__3_gas_alarm_556.wav,gas_siren,val
gas_siren/archive__gas_alarm__3_gas_alarm_135.wav,gas_siren,val
gas_siren/archive__gas_alarm__3_gas_alarm_103.wav,gas_siren,val
gas_siren/archive__gas_alarm__3_gas_alarm_329.wav,gas_siren,val
gas_siren/archive__gas_alarm__3_gas_alarm_468.wav,gas_siren,val
gas_siren/archive__gas_alarm__3_gas_alarm_534.wav,gas_siren,val
gas_siren/archive__gas_alarm__3_gas_alarm_342.wav,gas_siren,val
gas_siren/archive__gas_alarm__3_gas_alarm_276.wav,gas_siren,val
gas_siren/archive__gas_alarm__3_gas_alarm_130.wav,gas_siren,val
gas_siren/archive__gas_alarm__3_gas_alarm_60.wav,gas_siren,val
gas_siren/archive__gas_alarm__3_gas_alarm_262.wav,gas_siren,val
gas_siren/archive__gas_alarm__3_gas_alarm_313.wav,gas_siren,val
gas_siren/archive__gas_alarm__3_gas_alarm_368.wav,gas_siren,val
gas_siren/archive__gas_alarm__3_gas_alarm_423.wav,gas_siren,val
gas_siren/archive__gas_alarm__3_gas_alarm_238.wav,gas_siren,val
gas_siren/archive__gas_alarm__3_gas_alarm_274.wav,gas_siren,val
gas_siren/archive__gas_alarm__3_gas_alarm_191.wav,gas_siren,val
gas_siren/archive__gas_alarm__3_gas_alarm_437.wav,gas_siren,val
gas_siren/archive__gas_alarm__3_gas_alarm_105.wav,gas_siren,val
gas_siren/archive__gas_alarm__3_gas_alarm_186.wav,gas_siren,val
gas_siren/archive__gas_alarm__3_gas_alarm_465.wav,gas_siren,val
gas_siren/archive__gas_alarm__3_gas_alarm_290.wav,gas_siren,val
gas_siren/archive__gas_alarm__3_gas_alarm_520.wav,gas_siren,val
gas_siren/archive__gas_alarm__3_gas_alarm_83.wav,gas_siren,val
gas_siren/archive__gas_alarm__3_gas_alarm_10.wav,gas_siren,val
gas_siren/archive__gas_alarm__3_gas_alarm_503.wav,gas_siren,val
gas_siren/archive__gas_alarm__3_gas_alarm_212.wav,gas_siren,val
gas_siren/archive__gas_alarm__3_gas_alarm_22.wav,gas_siren,val
gas_siren/archive__gas_alarm__3_gas_alarm_53.wav,gas_siren,val
gas_siren/archive__gas_alarm__3_gas_alarm_410.wav,gas_siren,val
gas_siren/archive__gas_alarm__3_gas_alarm_461.wav,gas_siren,val
gas_siren/archive__gas_alarm__3_gas_alarm_325.wav,gas_siren,val
gas_siren/archive__gas_alarm__3_gas_alarm_57.wav,gas_siren,val
gas_siren/archive__gas_alarm__3_gas_alarm_343.wav,gas_siren,val
gas_siren/archive__gas_alarm__3_gas_alarm_217.wav,gas_siren,val
gas_siren/archive__gas_alarm__3_gas_alarm_247.wav,gas_siren,val
gas_siren/archive__gas_alarm__3_gas_alarm_280.wav,gas_siren,val
gas_siren/archive__gas_alarm__3_gas_alarm_47.wav,gas_siren,val
gas_siren/archive__gas_alarm__3_gas_alarm_197.wav,gas_siren,val
gas_siren/archive__gas_alarm__3_gas_alarm_378.wav,gas_siren,val
gas_siren/archive__gas_alarm__3_gas_alarm_282.wav,gas_siren,val
gas_siren/archive__gas_alarm__3_gas_alarm_399.wav,gas_siren,val
gas_siren/archive__gas_alarm__3_gas_alarm_279.wav,gas_siren,val
gas_siren/archive__gas_alarm__3_gas_alarm_207.wav,gas_siren,val
gas_siren/archive__gas_alarm__3_gas_alarm_119.wav,gas_siren,val
gas_siren/archive__gas_alarm__3_gas_alarm_361.wav,gas_siren,val
gas_siren/archive__gas_alarm__3_gas_alarm_330.wav,gas_siren,val
gas_siren/archive__gas_alarm__3_gas_alarm_320.wav,gas_siren,val
gas_siren/archive__gas_alarm__3_gas_alarm_488.wav,gas_siren,val
gas_siren/archive__gas_alarm__3_gas_alarm_254.wav,gas_siren,val
gas_siren/archive__gas_alarm__3_gas_alarm_538.wav,gas_siren,val
gas_siren/archive__gas_alarm__3_gas_alarm_321.wav,gas_siren,val
gas_siren/archive__gas_alarm__3_gas_alarm_497.wav,gas_siren,val
gas_siren/archive__gas_alarm__3_gas_alarm_224.wav,gas_siren,val
gas_siren/archive__gas_alarm__3_gas_alarm_507.wav,gas_siren,val
gas_siren/archive__gas_alarm__3_gas_alarm_544.wav,gas_siren,val
gas_siren/archive__gas_alarm__3_gas_alarm_490.wav,gas_siren,val
gas_siren/archive__gas_alarm__3_gas_alarm_101.wav,gas_siren,val
gas_siren/archive__gas_alarm__3_gas_alarm_198.wav,gas_siren,val
gas_siren/archive__gas_alarm__3_gas_alarm_375.wav,gas_siren,val
gas_siren/archive__gas_alarm__3_gas_alarm_233.wav,gas_siren,val
gas_siren/archive__gas_alarm__3_gas_alarm_311.wav,gas_siren,val
gas_siren/archive__gas_alarm__3_gas_alarm_471.wav,gas_siren,val
gas_siren/archive__gas_alarm__3_gas_alarm_81.wav,gas_siren,val
gas_siren/archive__gas_alarm__3_gas_alarm_170.wav,gas_siren,val
gas_siren/archive__gas_alarm__3_gas_alarm_158.wav,gas_siren,val
gas_siren/archive__gas_alarm__3_gas_alarm_384.wav,gas_siren,val
gas_siren/archive__gas_alarm__3_gas_alarm_218.wav,gas_siren,val
gas_siren/archive__gas_alarm__3_gas_alarm_328.wav,gas_siren,val
gas_siren/archive__gas_alarm__3_gas_alarm_358.wav,gas_siren,val
gas_siren/archive__gas_alarm__3_gas_alarm_414.wav,gas_siren,test
gas_siren/archive__gas_alarm__3_gas_alarm_270.wav,gas_siren,test
gas_siren/archive__gas_alarm__3_gas_alarm_440.wav,gas_siren,test
gas_siren/archive__gas_alarm__3_gas_alarm_163.wav,gas_siren,test
gas_siren/archive__gas_alarm__3_gas_alarm_287.wav,gas_siren,test
gas_siren/archive__gas_alarm__3_gas_alarm_367.wav,gas_siren,test
gas_siren/archive__gas_alarm__3_gas_alarm_483.wav,gas_siren,test
gas_siren/archive__gas_alarm__3_gas_alarm_185.wav,gas_siren,test
gas_siren/archive__gas_alarm__3_gas_alarm_58.wav,gas_siren,test
gas_siren/archive__gas_alarm__3_gas_alarm_142.wav,gas_siren,test
gas_siren/archive__gas_alarm__3_gas_alarm_583.wav,gas_siren,test
gas_siren/archive__gas_alarm__3_gas_alarm_441.wav,gas_siren,test
gas_siren/archive__gas_alarm__3_gas_alarm_286.wav,gas_siren,test
gas_siren/archive__gas_alarm__3_gas_alarm_348.wav,gas_siren,test
gas_siren/archive__gas_alarm__3_gas_alarm_40.wav,gas_siren,test
gas_siren/archive__gas_alarm__3_gas_alarm_61.wav,gas_siren,test
gas_siren/archive__gas_alarm__3_gas_alarm_552.wav,gas_siren,test
gas_siren/archive__gas_alarm__3_gas_alarm_190.wav,gas_siren,test
gas_siren/archive__gas_alarm__3_gas_alarm_387.wav,gas_siren,test
gas_siren/archive__gas_alarm__3_gas_alarm_590.wav,gas_siren,test
gas_siren/archive__gas_alarm__3_gas_alarm_285.wav,gas_siren,test
gas_siren/archive__gas_alarm__3_gas_alarm_336.wav,gas_siren,test
gas_siren/archive__gas_alarm__3_gas_alarm_188.wav,gas_siren,test
gas_siren/archive__gas_alarm__3_gas_alarm_444.wav,gas_siren,test
gas_siren/archive__gas_alarm__3_gas_alarm_382.wav,gas_siren,test
gas_siren/archive__gas_alarm__3_gas_alarm_457.wav,gas_siren,test
gas_siren/archive__gas_alarm__3_gas_alarm_221.wav,gas_siren,test
gas_siren/archive__gas_alarm__3_gas_alarm_281.wav,gas_siren,test
gas_siren/archive__gas_alarm__3_gas_alarm_452.wav,gas_siren,test
gas_siren/archive__gas_alarm__3_gas_alarm_126.wav,gas_siren,test
gas_siren/archive__gas_alarm__3_gas_alarm_144.wav,gas_siren,test
gas_siren/archive__gas_alarm__3_gas_alarm_250.wav,gas_siren,test
gas_siren/archive__gas_alarm__3_gas_alarm_533.wav,gas_siren,test
gas_siren/archive__gas_alarm__3_gas_alarm_301.wav,gas_siren,test
gas_siren/archive__gas_alarm__3_gas_alarm_55.wav,gas_siren,test
gas_siren/archive__gas_alarm__3_gas_alarm_448.wav,gas_siren,test
gas_siren/archive__gas_alarm__3_gas_alarm_95.wav,gas_siren,test
gas_siren/archive__gas_alarm__3_gas_alarm_567.wav,gas_siren,test
gas_siren/archive__gas_alarm__3_gas_alarm_510.wav,gas_siren,test
gas_siren/archive__gas_alarm__3_gas_alarm_269.wav,gas_siren,test
gas_siren/archive__gas_alarm__3_gas_alarm_467.wav,gas_siren,test
gas_siren/archive__gas_alarm__3_gas_alarm_495.wav,gas_siren,test
gas_siren/archive__gas_alarm__3_gas_alarm_31.wav,gas_siren,test
gas_siren/archive__gas_alarm__3_gas_alarm_2.wav,gas_siren,test
gas_siren/archive__gas_alarm__3_gas_alarm_388.wav,gas_siren,test
gas_siren/archive__gas_alarm__3_gas_alarm_422.wav,gas_siren,test
gas_siren/archive__gas_alarm__3_gas_alarm_82.wav,gas_siren,test
gas_siren/archive__gas_alarm__3_gas_alarm_560.wav,gas_siren,test
gas_siren/archive__gas_alarm__3_gas_alarm_447.wav,gas_siren,test
gas_siren/archive__gas_alarm__3_gas_alarm_216.wav,gas_siren,test
gas_siren/archive__gas_alarm__3_gas_alarm_243.wav,gas_siren,test
gas_siren/archive__gas_alarm__3_gas_alarm_277.wav,gas_siren,test
gas_siren/archive__gas_alarm__3_gas_alarm_131.wav,gas_siren,test
gas_siren/archive__gas_alarm__3_gas_alarm_195.wav,gas_siren,test
gas_siren/archive__gas_alarm__3_gas_alarm_504.wav,gas_siren,test
gas_siren/archive__gas_alarm__3_gas_alarm_589.wav,gas_siren,test
gas_siren/archive__gas_alarm__3_gas_alarm_333.wav,gas_siren,test
gas_siren/archive__gas_alarm__3_gas_alarm_385.wav,gas_siren,test
gas_siren/archive__gas_alarm__3_gas_alarm_335.wav,gas_siren,test
gas_siren/archive__gas_alarm__3_gas_alarm_32.wav,gas_siren,test
gas_siren/archive__gas_alarm__3_gas_alarm_4.wav,gas_siren,test
gas_siren/archive__gas_alarm__3_gas_alarm_258.wav,gas_siren,test
gas_siren/archive__gas_alarm__3_gas_alarm_545.wav,gas_siren,test
gas_siren/archive__gas_alarm__3_gas_alarm_227.wav,gas_siren,test
gas_siren/archive__gas_alarm__3_gas_alarm_295.wav,gas_siren,test
gas_siren/archive__gas_alarm__3_gas_alarm_332.wav,gas_siren,test
gas_siren/archive__gas_alarm__3_gas_alarm_87.wav,gas_siren,test
gas_siren/archive__gas_alarm__3_gas_alarm_166.wav,gas_siren,test
gas_siren/archive__gas_alarm__3_gas_alarm_505.wav,gas_siren,test
gas_siren/archive__gas_alarm__3_gas_alarm_106.wav,gas_siren,test
gas_siren/archive__gas_alarm__3_gas_alarm_485.wav,gas_siren,test
gas_siren/archive__gas_alarm__3_gas_alarm_64.wav,gas_siren,test
gas_siren/archive__gas_alarm__3_gas_alarm_575.wav,gas_siren,test
gas_siren/archive__gas_alarm__3_gas_alarm_477.wav,gas_siren,test
gas_siren/archive__gas_alarm__3_gas_alarm_431.wav,gas_siren,test
gas_siren/archive__gas_alarm__3_gas_alarm_580.wav,gas_siren,test
gas_siren/archive__gas_alarm__3_gas_alarm_181.wav,gas_siren,test
gas_siren/archive__gas_alarm__3_gas_alarm_339.wav,gas_siren,test
gas_siren/archive__gas_alarm__3_gas_alarm_581.wav,gas_siren,test
gas_siren/archive__gas_alarm__3_gas_alarm_595.wav,gas_siren,test
gas_siren/archive__gas_alarm__3_gas_alarm_240.wav,gas_siren,test
gas_siren/archive__gas_alarm__3_gas_alarm_432.wav,gas_siren,test
gas_siren/archive__gas_alarm__3_gas_alarm_498.wav,gas_siren,test
gas_siren/archive__gas_alarm__3_gas_alarm_405.wav,gas_siren,test
gas_siren/archive__gas_alarm__3_gas_alarm_36.wav,gas_siren,test
gas_siren/archive__gas_alarm__3_gas_alarm_115.wav,gas_siren,test
gas_siren/archive__gas_alarm__3_gas_alarm_435.wav,gas_siren,test
gas_siren/archive__gas_alarm__3_gas_alarm_20.wav,gas_siren,test
gas_siren/archive__gas_alarm__3_gas_alarm_219.wav,gas_siren,test
gas_siren/archive__gas_alarm__3_gas_alarm_104.wav,gas_siren,test
gunshot/S-210930_W_102_D_654_0001.wav,gunshot,train
gunshot/S-211024_W_101_D_076_0001.wav,gunshot,train
gunshot/S-210916_W_102_D_367_0001.wav,gunshot,train
gunshot/S-210916_W_102_D_182_0001.wav,gunshot,train
gunshot/S-210930_W_102_D_468_0001.wav,gunshot,train
gunshot/S-210908_W_102_D_522_0001.wav,gunshot,train
gunshot/S-211104_W_101_D_062_0001.wav,gunshot,train
gunshot/S-210908_W_102_D_476_0001.wav,gunshot,train
gunshot/S-210930_W_102_D_500_0001.wav,gunshot,train
gunshot/S-210916_W_102_D_069_0001.wav,gunshot,train
gunshot/S-210930_W_102_D_556_0001.wav,gunshot,train
gunshot/S-210908_W_102_D_123_0001.wav,gunshot,train
gunshot/S-210908_W_102_D_361_0001.wav,gunshot,train
gunshot/S-210908_W_102_D_342_0001.wav,gunshot,train
gunshot/S-210908_W_102_D_059_0001.wav,gunshot,train
gunshot/S-210930_W_102_D_593_0001.wav,gunshot,train
gunshot/S-210916_W_102_D_664_0001.wav,gunshot,train
gunshot/S-210916_W_102_D_235_0001.wav,gunshot,train
gunshot/S-210916_W_102_D_335_0001.wav,gunshot,train
gunshot/S-211109_W_102_D_128_0001.wav,gunshot,train
gunshot/S-210908_W_102_D_180_0001.wav,gunshot,train
gunshot/S-210930_W_102_D_374_0001.wav,gunshot,train
gunshot/S-210908_W_102_D_188_0001.wav,gunshot,train
gunshot/S-210930_W_102_D_042_0001.wav,gunshot,train
gunshot/S-210930_W_102_D_546_0001.wav,gunshot,train
gunshot/S-210908_W_102_D_280_0001.wav,gunshot,train
gunshot/S-211104_W_101_D_048_0001.wav,gunshot,train
gunshot/S-210930_W_102_D_475_0001.wav,gunshot,train
gunshot/S-210908_W_102_D_190_0001.wav,gunshot,train
gunshot/S-210908_W_102_D_257_0001.wav,gunshot,train
gunshot/S-210916_W_102_D_183_0001.wav,gunshot,train
gunshot/S-211024_W_101_D_016_0001.wav,gunshot,train
gunshot/S-210916_W_102_D_415_0001.wav,gunshot,train
gunshot/S-210908_W_102_D_638_0001.wav,gunshot,train
gunshot/S-210930_W_102_D_326_0001.wav,gunshot,train
gunshot/S-210916_W_102_D_400_0001.wav,gunshot,train
gunshot/S-211216_W_101_D_008_0001.wav,gunshot,train
gunshot/S-210930_W_102_D_760_0001.wav,gunshot,train
gunshot/S-210930_W_102_D_423_0001.wav,gunshot,train
gunshot/S-210916_W_102_D_589_0001.wav,gunshot,train
gunshot/S-210930_W_102_D_504_0001.wav,gunshot,train
gunshot/S-210930_W_102_D_478_0001.wav,gunshot,train
gunshot/S-210908_W_102_D_669_0001.wav,gunshot,train
gunshot/S-210930_W_102_D_213_0001.wav,gunshot,train
gunshot/S-211216_W_101_D_021_0001.wav,gunshot,train
gunshot/S-210908_W_102_D_461_0001.wav,gunshot,train
gunshot/S-210930_W_102_D_433_0001.wav,gunshot,train
gunshot/S-210908_W_102_D_150_0001.wav,gunshot,train
gunshot/S-210916_W_102_D_686_0001.wav,gunshot,train
gunshot/S-210908_W_102_D_385_0001.wav,gunshot,train
gunshot/S-210930_W_102_D_025_0001.wav,gunshot,train
gunshot/S-210930_W_102_D_424_0001.wav,gunshot,train
gunshot/S-210916_W_102_D_147_0001.wav,gunshot,train
gunshot/S-210916_W_102_D_844_0001.wav,gunshot,train
gunshot/S-211024_W_101_D_071_0001.wav,gunshot,train
gunshot/S-210908_W_102_D_235_0001.wav,gunshot,train
gunshot/S-210930_W_102_D_492_0001.wav,gunshot,train
gunshot/S-210930_W_102_D_368_0001.wav,gunshot,train
gunshot/S-210916_W_102_D_857_0001.wav,gunshot,train
gunshot/S-211104_W_101_D_266_0001.wav,gunshot,train
gunshot/S-210908_W_102_D_495_0001.wav,gunshot,train
gunshot/S-210930_W_102_D_207_0001.wav,gunshot,train
gunshot/S-210916_W_102_D_055_0001.wav,gunshot,train
gunshot/S-210930_W_102_D_473_0001.wav,gunshot,train
gunshot/S-210908_W_102_D_168_0001.wav,gunshot,train
gunshot/S-210908_W_102_D_389_0001.wav,gunshot,train
gunshot/S-210916_W_102_D_852_0001.wav,gunshot,train
gunshot/S-210916_W_102_D_689_0001.wav,gunshot,train
gunshot/S-210930_W_102_D_551_0001.wav,gunshot,train
gunshot/S-210930_W_102_D_155_0001.wav,gunshot,train
gunshot/S-210930_W_102_D_598_0001.wav,gunshot,train
gunshot/S-210916_W_102_D_202_0001.wav,gunshot,train
gunshot/S-210916_W_102_D_622_0001.wav,gunshot,train
gunshot/S-211104_W_101_D_095_0001.wav,gunshot,train
gunshot/S-211216_W_101_D_003_0001.wav,gunshot,train
gunshot/S-210916_W_102_D_832_0001.wav,gunshot,train
gunshot/S-210908_W_102_D_552_0001.wav,gunshot,train
gunshot/S-211104_W_101_D_192_0001.wav,gunshot,train
gunshot/S-211023_W_102_C_003_0001.wav,gunshot,train
gunshot/S-211104_W_101_D_292_0001.wav,gunshot,train
gunshot/S-210930_W_102_D_262_0001.wav,gunshot,train
gunshot/S-210908_W_102_D_328_0001.wav,gunshot,train
gunshot/S-210930_W_102_D_039_0001.wav,gunshot,train
gunshot/S-210908_W_102_D_256_0001.wav,gunshot,train
gunshot/S-211104_W_101_D_221_0001.wav,gunshot,train
gunshot/S-210908_W_102_D_336_0001.wav,gunshot,train
gunshot/S-210930_W_102_D_159_0001.wav,gunshot,train
gunshot/S-210916_W_102_D_275_0001.wav,gunshot,train
gunshot/S-210930_W_102_D_520_0001.wav,gunshot,train
gunshot/S-210930_W_102_D_420_0001.wav,gunshot,train
gunshot/S-210916_W_102_D_104_0001.wav,gunshot,train
gunshot/S-210930_W_102_D_428_0001.wav,gunshot,train
gunshot/S-210908_W_102_D_254_0001.wav,gunshot,train
gunshot/S-210930_W_102_D_095_0001.wav,gunshot,train
gunshot/S-210908_W_102_D_594_0001.wav,gunshot,train
gunshot/S-210916_W_102_D_045_0001.wav,gunshot,train
gunshot/S-210930_W_102_D_503_0001.wav,gunshot,train
gunshot/S-210908_W_102_D_097_0001.wav,gunshot,train
gunshot/S-210930_W_102_D_029_0001.wav,gunshot,train
gunshot/S-210930_W_102_D_729_0001.wav,gunshot,train
gunshot/S-210930_W_102_D_043_0001.wav,gunshot,train
gunshot/S-210908_W_102_D_166_0001.wav,gunshot,train
gunshot/S-211023_W_102_D_001_0001.wav,gunshot,train
gunshot/S-210916_W_102_D_207_0001.wav,gunshot,train
gunshot/S-210930_W_102_D_587_0001.wav,gunshot,train
gunshot/S-211104_W_101_D_218_0001.wav,gunshot,train
gunshot/S-211023_W_102_D_006_0001.wav,gunshot,train
gunshot/S-210916_W_102_D_825_0001.wav,gunshot,train
gunshot/S-210930_W_102_D_522_0001.wav,gunshot,train
gunshot/S-210930_W_102_D_620_0001.wav,gunshot,train
gunshot/S-210908_W_102_D_249_0001.wav,gunshot,train
gunshot/S-210908_W_102_D_456_0001.wav,gunshot,train
gunshot/S-210930_W_102_D_351_0001.wav,gunshot,train
gunshot/S-210908_W_102_D_158_0001.wav,gunshot,train
gunshot/S-210930_W_102_D_444_0001.wav,gunshot,train
gunshot/S-211109_W_102_D_112_0001.wav,gunshot,train
gunshot/S-210908_W_102_D_479_0001.wav,gunshot,train
gunshot/S-210908_W_102_D_272_0001.wav,gunshot,train
gunshot/S-210930_W_102_D_006_0001.wav,gunshot,train
gunshot/S-211103_W_101_D_107_0001.wav,gunshot,train
gunshot/S-210930_W_102_D_703_0001.wav,gunshot,train
gunshot/S-211104_W_101_D_280_0001.wav,gunshot,train
gunshot/S-210916_W_102_D_869_0001.wav,gunshot,train
gunshot/S-210908_W_102_D_650_0001.wav,gunshot,train
gunshot/S-210908_W_102_D_247_0001.wav,gunshot,train
gunshot/S-210930_W_102_D_540_0001.wav,gunshot,train
gunshot/S-210908_W_102_D_048_0001.wav,gunshot,train
gunshot/S-210930_W_102_D_768_0001.wav,gunshot,train
gunshot/S-210916_W_102_D_691_0001.wav,gunshot,train
gunshot/S-210908_W_102_D_216_0001.wav,gunshot,train
gunshot/S-211024_W_101_D_088_0001.wav,gunshot,train
gunshot/S-210908_W_102_D_391_0001.wav,gunshot,train
gunshot/S-210908_W_102_D_273_0001.wav,gunshot,train
gunshot/S-210930_W_102_D_119_0001.wav,gunshot,train
gunshot/S-210916_W_102_D_673_0001.wav,gunshot,train
gunshot/S-210908_W_102_D_493_0001.wav,gunshot,train
gunshot/S-210916_W_102_D_257_0001.wav,gunshot,train
gunshot/S-210908_W_102_D_647_0001.wav,gunshot,train
gunshot/S-210930_W_102_D_725_0001.wav,gunshot,train
gunshot/S-211104_W_101_D_191_0001.wav,gunshot,train
gunshot/S-211104_W_101_D_203_0001.wav,gunshot,train
gunshot/S-210916_W_102_D_533_0001.wav,gunshot,train
gunshot/S-210930_W_102_D_044_0001.wav,gunshot,train
gunshot/S-211028_W_101_D_021_0001.wav,gunshot,train
gunshot/S-211104_W_101_D_213_0001.wav,gunshot,train
gunshot/S-210930_W_102_D_733_0001.wav,gunshot,train
gunshot/S-210916_W_102_D_467_0001.wav,gunshot,train
gunshot/S-210916_W_102_D_039_0001.wav,gunshot,train
gunshot/S-210908_W_102_D_662_0001.wav,gunshot,train
gunshot/S-210908_W_102_D_605_0001.wav,gunshot,train
gunshot/S-210916_W_102_D_332_0001.wav,gunshot,train
gunshot/S-210930_W_102_D_779_0001.wav,gunshot,train
gunshot/S-210908_W_102_D_213_0001.wav,gunshot,train
gunshot/S-210930_W_102_D_480_0001.wav,gunshot,train
gunshot/S-210908_W_102_D_343_0001.wav,gunshot,train
gunshot/S-210930_W_102_D_749_0001.wav,gunshot,train
gunshot/S-210908_W_102_D_151_0001.wav,gunshot,train
gunshot/S-210930_W_102_D_622_0001.wav,gunshot,train
gunshot/S-210916_W_102_D_836_0001.wav,gunshot,train
gunshot/S-211104_W_101_D_262_0001.wav,gunshot,train
gunshot/S-210916_W_102_D_495_0001.wav,gunshot,train
gunshot/S-210908_W_102_D_621_0001.wav,gunshot,train
gunshot/S-210908_W_102_D_644_0001.wav,gunshot,train
gunshot/S-211104_W_101_D_082_0001.wav,gunshot,train
gunshot/S-210930_W_102_D_589_0001.wav,gunshot,train
gunshot/S-210908_W_102_D_539_0001.wav,gunshot,train
gunshot/S-210916_W_102_D_531_0001.wav,gunshot,train
gunshot/S-210916_W_102_D_627_0001.wav,gunshot,train
gunshot/S-210930_W_102_D_457_0001.wav,gunshot,train
gunshot/S-210930_W_102_D_761_0001.wav,gunshot,train
gunshot/S-210930_W_102_D_037_0001.wav,gunshot,train
gunshot/S-210908_W_102_D_503_0001.wav,gunshot,train
gunshot/S-210930_W_102_D_547_0001.wav,gunshot,train
gunshot/S-210930_W_102_D_437_0001.wav,gunshot,train
gunshot/S-210916_W_102_D_362_0001.wav,gunshot,train
gunshot/S-211216_W_101_D_011_0001.wav,gunshot,train
gunshot/S-210930_W_102_D_515_0001.wav,gunshot,train
gunshot/S-210908_W_102_D_577_0001.wav,gunshot,train
gunshot/S-210908_W_102_D_544_0001.wav,gunshot,train
gunshot/S-210908_W_102_D_209_0001.wav,gunshot,train
gunshot/S-210916_W_102_D_328_0001.wav,gunshot,train
gunshot/S-210908_W_102_D_302_0001.wav,gunshot,train
gunshot/S-210908_W_102_D_269_0001.wav,gunshot,train
gunshot/S-210930_W_102_D_220_0001.wav,gunshot,train
gunshot/S-210930_W_102_D_250_0001.wav,gunshot,train
gunshot/S-210908_W_102_D_606_0001.wav,gunshot,train
gunshot/S-210930_W_102_D_035_0001.wav,gunshot,train
gunshot/S-210908_W_102_D_614_0001.wav,gunshot,train
gunshot/S-210930_W_102_D_538_0001.wav,gunshot,train
gunshot/S-211023_W_102_D_020_0001.wav,gunshot,train
gunshot/S-210916_W_102_D_318_0001.wav,gunshot,train
gunshot/S-210916_W_102_D_245_0001.wav,gunshot,train
gunshot/S-210916_W_102_D_301_0001.wav,gunshot,train
gunshot/S-210908_W_102_D_304_0001.wav,gunshot,train
gunshot/S-210908_W_102_D_351_0001.wav,gunshot,train
gunshot/S-210930_W_102_D_765_0001.wav,gunshot,train
gunshot/S-211104_W_101_D_259_0001.wav,gunshot,train
gunshot/S-210916_W_102_D_137_0001.wav,gunshot,train
gunshot/S-210908_W_102_D_090_0001.wav,gunshot,train
gunshot/S-210908_W_102_D_556_0001.wav,gunshot,train
gunshot/S-210930_W_102_D_327_0001.wav,gunshot,train
gunshot/S-210908_W_102_D_363_0001.wav,gunshot,train
gunshot/S-210930_W_102_D_045_0001.wav,gunshot,train
gunshot/S-210908_W_102_D_510_0001.wav,gunshot,train
gunshot/S-211104_W_101_D_281_0001.wav,gunshot,train
gunshot/S-210916_W_102_D_375_0001.wav,gunshot,train
gunshot/S-211104_W_101_D_142_0001.wav,gunshot,train
gunshot/S-210908_W_102_D_176_0001.wav,gunshot,train
gunshot/S-211104_W_101_D_267_0001.wav,gunshot,train
gunshot/S-210908_W_102_D_124_0001.wav,gunshot,train
gunshot/S-211104_W_101_D_179_0001.wav,gunshot,train
gunshot/S-211109_W_102_D_082_0001.wav,gunshot,train
gunshot/S-210908_W_102_D_153_0001.wav,gunshot,train
gunshot/S-210908_W_102_D_377_0001.wav,gunshot,train
gunshot/S-210908_W_102_D_214_0001.wav,gunshot,train
gunshot/S-210916_W_102_D_506_0001.wav,gunshot,train
gunshot/S-210908_W_102_D_290_0001.wav,gunshot,train
gunshot/S-210908_W_102_D_624_0001.wav,gunshot,train
gunshot/S-210908_W_102_D_369_0001.wav,gunshot,train
gunshot/S-210908_W_102_D_320_0001.wav,gunshot,train
gunshot/S-211104_W_101_D_260_0001.wav,gunshot,train
gunshot/S-210916_W_102_D_315_0001.wav,gunshot,train
gunshot/S-211104_W_101_D_257_0001.wav,gunshot,train
gunshot/S-211104_W_101_D_288_0001.wav,gunshot,train
gunshot/S-210916_W_102_D_730_0001.wav,gunshot,train
gunshot/S-210930_W_102_D_752_0001.wav,gunshot,train
gunshot/S-210916_W_102_D_564_0001.wav,gunshot,train
gunshot/S-211109_W_102_D_066_0001.wav,gunshot,train
gunshot/S-210908_W_102_D_225_0001.wav,gunshot,train
gunshot/S-210930_W_102_D_649_0001.wav,gunshot,train
gunshot/S-210908_W_102_D_612_0001.wav,gunshot,train
gunshot/S-210930_W_102_D_218_0001.wav,gunshot,train
gunshot/S-210930_W_102_D_550_0001.wav,gunshot,train
gunshot/S-210916_W_102_D_206_0001.wav,gunshot,train
gunshot/S-211104_W_101_D_054_0001.wav,gunshot,train
gunshot/S-210930_W_102_D_528_0001.wav,gunshot,train
gunshot/S-210916_W_102_D_701_0001.wav,gunshot,train
gunshot/S-210930_W_102_D_742_0001.wav,gunshot,train
gunshot/S-210916_W_102_D_734_0001.wav,gunshot,train
gunshot/S-210916_W_102_D_733_0001.wav,gunshot,train
gunshot/S-210908_W_102_D_525_0001.wav,gunshot,train
gunshot/S-211104_W_101_D_064_0001.wav,gunshot,train
gunshot/S-210916_W_102_D_321_0001.wav,gunshot,train
gunshot/S-210916_W_102_D_799_0001.wav,gunshot,train
gunshot/S-210908_W_102_D_197_0001.wav,gunshot,train
gunshot/S-210908_W_102_D_528_0001.wav,gunshot,train
gunshot/S-210930_W_102_D_226_0001.wav,gunshot,train
gunshot/S-211104_W_101_D_045_0001.wav,gunshot,train
gunshot/S-211104_W_101_D_263_0001.wav,gunshot,train
gunshot/S-210916_W_102_D_001_0001.wav,gunshot,train
gunshot/S-210908_W_102_D_373_0001.wav,gunshot,train
gunshot/S-210930_W_102_D_519_0001.wav,gunshot,train
gunshot/S-210930_W_102_D_435_0001.wav,gunshot,train
gunshot/S-210916_W_102_D_781_0001.wav,gunshot,train
gunshot/S-210930_W_102_D_436_0001.wav,gunshot,train
gunshot/S-211104_W_101_D_252_0001.wav,gunshot,train
gunshot/S-211023_W_102_D_024_0001.wav,gunshot,train
gunshot/S-210916_W_102_D_703_0001.wav,gunshot,train
gunshot/S-210908_W_102_D_330_0001.wav,gunshot,train
gunshot/S-210908_W_102_D_603_0001.wav,gunshot,train
gunshot/S-210930_W_102_D_123_0001.wav,gunshot,train
gunshot/S-210930_W_102_D_545_0001.wav,gunshot,train
gunshot/S-210908_W_102_D_056_0001.wav,gunshot,train
gunshot/S-210916_W_102_D_552_0001.wav,gunshot,train
gunshot/S-210908_W_102_D_229_0001.wav,gunshot,train
gunshot/S-210908_W_102_D_457_0001.wav,gunshot,train
gunshot/S-210930_W_102_D_338_0001.wav,gunshot,train
gunshot/S-210916_W_102_D_554_0001.wav,gunshot,train
gunshot/S-210908_W_102_D_152_0001.wav,gunshot,train
gunshot/S-210916_W_102_D_447_0001.wav,gunshot,train
gunshot/S-210916_W_102_D_101_0001.wav,gunshot,train
gunshot/S-210916_W_102_D_292_0001.wav,gunshot,train
gunshot/S-210930_W_102_D_717_0001.wav,gunshot,train
gunshot/S-210930_W_102_D_103_0001.wav,gunshot,train
gunshot/S-210908_W_102_D_462_0001.wav,gunshot,train
gunshot/S-210916_W_102_D_740_0001.wav,gunshot,train
gunshot/S-210908_W_102_D_488_0001.wav,gunshot,train
gunshot/S-210930_W_102_D_266_0001.wav,gunshot,train
gunshot/S-210908_W_102_D_498_0001.wav,gunshot,train
gunshot/S-210908_W_102_D_221_0001.wav,gunshot,train
gunshot/S-211109_W_102_D_088_0001.wav,gunshot,train
gunshot/S-210916_W_102_D_355_0001.wav,gunshot,train
gunshot/S-210908_W_102_D_210_0001.wav,gunshot,train
gunshot/S-210916_W_102_D_625_0001.wav,gunshot,train
gunshot/S-210908_W_102_D_555_0001.wav,gunshot,train
gunshot/S-210908_W_102_D_526_0001.wav,gunshot,train
gunshot/S-211024_W_101_D_080_0001.wav,gunshot,train
gunshot/S-210908_W_102_D_573_0001.wav,gunshot,train
gunshot/S-211104_W_101_D_041_0001.wav,gunshot,train
gunshot/S-210908_W_102_D_155_0001.wav,gunshot,train
gunshot/S-210930_W_102_D_028_0001.wav,gunshot,train
gunshot/S-210916_W_102_D_154_0001.wav,gunshot,train
gunshot/S-210908_W_102_D_183_0001.wav,gunshot,train
gunshot/S-210930_W_102_D_588_0001.wav,gunshot,train
gunshot/S-210916_W_102_D_177_0001.wav,gunshot,train
gunshot/S-210908_W_102_D_654_0001.wav,gunshot,train
gunshot/S-210930_W_102_D_610_0001.wav,gunshot,train
gunshot/S-211104_W_101_D_108_0001.wav,gunshot,train
gunshot/S-210908_W_102_D_339_0001.wav,gunshot,train
gunshot/S-210930_W_102_D_336_0001.wav,gunshot,train
gunshot/S-210916_W_102_D_823_0001.wav,gunshot,train
gunshot/S-210908_W_102_D_137_0001.wav,gunshot,train
gunshot/S-210930_W_102_D_047_0001.wav,gunshot,train
gunshot/S-210930_W_102_D_495_0001.wav,gunshot,train
gunshot/S-210908_W_102_D_504_0001.wav,gunshot,train
gunshot/S-210916_W_102_D_184_0001.wav,gunshot,train
gunshot/S-210908_W_102_D_639_0001.wav,gunshot,train
gunshot/S-210916_W_102_D_021_0001.wav,gunshot,train
gunshot/S-210916_W_102_D_553_0001.wav,gunshot,train
gunshot/S-210908_W_102_D_206_0001.wav,gunshot,train
gunshot/S-211104_W_101_D_189_0001.wav,gunshot,train
gunshot/S-210916_W_102_D_291_0001.wav,gunshot,train
gunshot/S-210908_W_102_D_370_0001.wav,gunshot,train
gunshot/S-211216_W_101_D_022_0001.wav,gunshot,train
gunshot/S-210908_W_102_D_178_0001.wav,gunshot,train
gunshot/S-210930_W_102_D_446_0001.wav,gunshot,train
gunshot/S-210930_W_102_D_450_0001.wav,gunshot,train
gunshot/S-210908_W_102_D_306_0001.wav,gunshot,train
gunshot/S-210916_W_102_D_160_0001.wav,gunshot,train
gunshot/S-211104_W_101_D_270_0001.wav,gunshot,train
gunshot/S-210916_W_102_D_174_0001.wav,gunshot,train
gunshot/S-210930_W_102_D_530_0001.wav,gunshot,train
gunshot/S-210916_W_102_D_179_0001.wav,gunshot,train
gunshot/S-210908_W_102_D_653_0001.wav,gunshot,train
gunshot/S-210908_W_102_D_113_0001.wav,gunshot,train
gunshot/S-210916_W_102_D_093_0001.wav,gunshot,train
gunshot/S-210930_W_102_D_661_0001.wav,gunshot,train
gunshot/S-211104_W_101_D_243_0001.wav,gunshot,train
gunshot/S-210908_W_102_D_319_0001.wav,gunshot,train
gunshot/S-210930_W_102_D_202_0001.wav,gunshot,train
gunshot/S-210916_W_102_D_649_0001.wav,gunshot,train
gunshot/S-210930_W_102_D_489_0001.wav,gunshot,train
gunshot/S-211109_W_102_D_110_0001.wav,gunshot,train
gunshot/S-211104_W_101_D_080_0001.wav,gunshot,train
gunshot/S-210908_W_102_D_452_0001.wav,gunshot,train
gunshot/S-210930_W_102_D_224_0001.wav,gunshot,train
gunshot/S-211216_W_101_D_001_0001.wav,gunshot,train
gunshot/S-210916_W_102_D_234_0001.wav,gunshot,train
gunshot/S-210916_W_102_D_643_0001.wav,gunshot,train
gunshot/S-210908_W_102_D_074_0001.wav,gunshot,train
gunshot/S-210916_W_102_D_503_0001.wav,gunshot,train
gunshot/S-210916_W_102_D_166_0001.wav,gunshot,train
gunshot/S-211024_W_101_D_073_0001.wav,gunshot,train
gunshot/S-210916_W_102_D_507_0001.wav,gunshot,train
gunshot/S-210930_W_102_D_555_0001.wav,gunshot,train
gunshot/S-211104_W_101_D_293_0001.wav,gunshot,train
gunshot/S-210908_W_102_D_117_0001.wav,gunshot,train
gunshot/S-210930_W_102_D_757_0001.wav,gunshot,train
gunshot/S-210916_W_102_D_110_0001.wav,gunshot,train
gunshot/S-210916_W_102_D_617_0001.wav,gunshot,train
gunshot/S-210916_W_102_D_655_0001.wav,gunshot,train
gunshot/S-210916_W_102_D_161_0001.wav,gunshot,train
gunshot/S-211216_W_101_D_015_0001.wav,gunshot,train
gunshot/S-210916_W_102_D_072_0001.wav,gunshot,train
gunshot/S-210916_W_102_D_842_0001.wav,gunshot,train
gunshot/S-210908_W_102_D_551_0001.wav,gunshot,train
gunshot/S-210916_W_102_D_389_0001.wav,gunshot,train
gunshot/S-210908_W_102_D_047_0001.wav,gunshot,train
gunshot/S-211104_W_101_D_051_0001.wav,gunshot,train
gunshot/S-210908_W_102_D_052_0001.wav,gunshot,train
gunshot/S-210908_W_102_D_106_0001.wav,gunshot,train
gunshot/S-210930_W_102_D_552_0001.wav,gunshot,train
gunshot/S-210908_W_102_D_366_0001.wav,gunshot,train
gunshot/S-210916_W_102_D_361_0001.wav,gunshot,train
gunshot/S-210930_W_102_D_456_0001.wav,gunshot,train
gunshot/S-210916_W_102_D_007_0001.wav,gunshot,train
gunshot/S-210908_W_102_D_226_0001.wav,gunshot,train
gunshot/S-210916_W_102_D_305_0001.wav,gunshot,train
gunshot/S-210908_W_102_D_356_0001.wav,gunshot,train
gunshot/S-210916_W_102_D_791_0001.wav,gunshot,train
gunshot/S-210908_W_102_D_630_0001.wav,gunshot,train
gunshot/S-210908_W_102_D_262_0001.wav,gunshot,train
gunshot/S-210916_W_102_D_071_0001.wav,gunshot,train
gunshot/S-210916_W_102_D_211_0001.wav,gunshot,train
gunshot/S-210930_W_102_D_431_0001.wav,gunshot,train
gunshot/S-210916_W_102_D_253_0001.wav,gunshot,train
gunshot/S-210930_W_102_D_050_0001.wav,gunshot,train
gunshot/S-210908_W_102_D_122_0001.wav,gunshot,train
gunshot/S-211216_W_101_D_028_0001.wav,gunshot,train
gunshot/S-211104_W_101_D_026_0001.wav,gunshot,train
gunshot/S-211104_W_101_D_107_0001.wav,gunshot,train
gunshot/S-210908_W_102_D_533_0001.wav,gunshot,train
gunshot/S-210930_W_102_D_502_0001.wav,gunshot,train
gunshot/S-211104_W_101_D_050_0001.wav,gunshot,train
gunshot/S-211104_W_101_D_103_0001.wav,gunshot,train
gunshot/S-210916_W_102_D_186_0001.wav,gunshot,train
gunshot/S-210930_W_102_D_607_0001.wav,gunshot,train
gunshot/S-210930_W_102_D_440_0001.wav,gunshot,train
gunshot/S-210930_W_102_D_337_0001.wav,gunshot,train
gunshot/S-210930_W_102_D_731_0001.wav,gunshot,train
gunshot/S-210930_W_102_D_416_0001.wav,gunshot,train
gunshot/S-211104_W_101_D_042_0001.wav,gunshot,train
gunshot/S-210930_W_102_D_461_0001.wav,gunshot,train
gunshot/S-210916_W_102_D_344_0001.wav,gunshot,train
gunshot/S-210908_W_102_D_163_0001.wav,gunshot,train
gunshot/S-210916_W_102_D_837_0001.wav,gunshot,train
gunshot/S-210908_W_102_D_608_0001.wav,gunshot,train
gunshot/S-210908_W_102_D_307_0001.wav,gunshot,train
gunshot/S-211024_W_101_D_084_0001.wav,gunshot,train
gunshot/S-210908_W_102_D_507_0001.wav,gunshot,train
gunshot/S-210930_W_102_D_748_0001.wav,gunshot,train
gunshot/S-210908_W_102_D_253_0001.wav,gunshot,train
gunshot/S-210916_W_102_D_314_0001.wav,gunshot,train
gunshot/S-210908_W_102_D_667_0001.wav,gunshot,train
gunshot/S-211104_W_101_D_057_0001.wav,gunshot,train
gunshot/S-210916_W_102_D_212_0001.wav,gunshot,train
gunshot/S-210930_W_102_D_449_0001.wav,gunshot,train
gunshot/S-210908_W_102_D_315_0001.wav,gunshot,train
gunshot/S-211104_W_101_D_043_0001.wav,gunshot,train
gunshot/S-210916_W_102_D_324_0001.wav,gunshot,train
gunshot/S-210916_W_102_D_146_0001.wav,gunshot,train
gunshot/S-210908_W_102_D_075_0001.wav,gunshot,train
gunshot/S-210930_W_102_D_031_0001.wav,gunshot,train
gunshot/S-210908_W_102_D_185_0001.wav,gunshot,train
gunshot/S-210916_W_102_D_190_0001.wav,gunshot,train
gunshot/S-211104_W_101_D_012_0001.wav,gunshot,train
gunshot/S-210908_W_102_D_208_0001.wav,gunshot,train
gunshot/S-210930_W_102_D_328_0001.wav,gunshot,train
gunshot/S-211104_W_101_D_207_0001.wav,gunshot,train
gunshot/S-210916_W_102_D_163_0001.wav,gunshot,train
gunshot/S-211109_W_102_D_126_0001.wav,gunshot,train
gunshot/S-210930_W_102_D_036_0001.wav,gunshot,train
gunshot/S-210916_W_102_D_118_0001.wav,gunshot,train
gunshot/S-211104_W_101_D_021_0001.wav,gunshot,train
gunshot/S-210930_W_102_D_418_0001.wav,gunshot,train
gunshot/S-210916_W_102_D_326_0001.wav,gunshot,train
gunshot/S-210908_W_102_D_470_0001.wav,gunshot,train
gunshot/S-210916_W_102_D_723_0001.wav,gunshot,train
gunshot/S-211104_W_101_D_249_0001.wav,gunshot,train
gunshot/S-210916_W_102_D_407_0001.wav,gunshot,train
gunshot/S-210908_W_102_D_441_0001.wav,gunshot,train
gunshot/S-210916_W_102_D_205_0001.wav,gunshot,train
gunshot/S-210916_W_102_D_575_0001.wav,gunshot,train
gunshot/S-210908_W_102_D_574_0001.wav,gunshot,train
gunshot/S-210908_W_102_D_329_0001.wav,gunshot,train
gunshot/S-210908_W_102_D_222_0001.wav,gunshot,train
gunshot/S-210916_W_102_D_766_0001.wav,gunshot,train
gunshot/S-210916_W_102_D_859_0001.wav,gunshot,train
gunshot/S-210916_W_102_D_141_0001.wav,gunshot,train
gunshot/S-210930_W_102_D_559_0001.wav,gunshot,train
gunshot/S-210930_W_102_D_549_0001.wav,gunshot,train
gunshot/S-210908_W_102_D_140_0001.wav,gunshot,train
gunshot/S-210908_W_102_D_557_0001.wav,gunshot,train
gunshot/S-211104_W_101_D_227_0001.wav,gunshot,train
gunshot/S-211104_W_101_D_209_0001.wav,gunshot,train
gunshot/S-210916_W_102_D_632_0001.wav,gunshot,train
gunshot/S-210916_W_102_D_345_0001.wav,gunshot,train
gunshot/S-210908_W_102_D_177_0001.wav,gunshot,train
gunshot/S-210916_W_102_D_363_0001.wav,gunshot,train
gunshot/S-210908_W_102_D_560_0001.wav,gunshot,train
gunshot/S-210930_W_102_D_153_0001.wav,gunshot,train
gunshot/S-210908_W_102_D_223_0001.wav,gunshot,train
gunshot/S-210908_W_102_D_604_0001.wav,gunshot,train
gunshot/S-210908_W_102_D_386_0001.wav,gunshot,train
gunshot/S-210916_W_102_D_337_0001.wav,gunshot,train
gunshot/S-211104_W_101_D_137_0001.wav,gunshot,train
gunshot/S-210916_W_102_D_646_0001.wav,gunshot,train
gunshot/S-210916_W_102_D_612_0001.wav,gunshot,train
gunshot/S-210908_W_102_D_589_0001.wav,gunshot,train
gunshot/S-210916_W_102_D_697_0001.wav,gunshot,train
gunshot/S-211024_W_101_D_066_0001.wav,gunshot,train
gunshot/S-210908_W_102_D_451_0001.wav,gunshot,train
gunshot/S-210916_W_102_D_164_0001.wav,gunshot,train
gunshot/S-210930_W_102_D_421_0001.wav,gunshot,train
gunshot/S-210908_W_102_D_335_0001.wav,gunshot,train
gunshot/S-210908_W_102_D_072_0001.wav,gunshot,train
gunshot/S-210908_W_102_D_258_0001.wav,gunshot,train
gunshot/S-210908_W_102_D_045_0001.wav,gunshot,train
gunshot/S-210916_W_102_D_317_0001.wav,gunshot,train
gunshot/S-210916_W_102_D_255_0001.wav,gunshot,train
gunshot/S-210908_W_102_D_620_0001.wav,gunshot,train
gunshot/S-210930_W_102_D_613_0001.wav,gunshot,train
gunshot/S-210930_W_102_D_544_0001.wav,gunshot,train
gunshot/S-210908_W_102_D_468_0001.wav,gunshot,train
gunshot/S-210908_W_102_D_284_0001.wav,gunshot,train
gunshot/S-210908_W_102_D_354_0001.wav,gunshot,train
gunshot/S-210930_W_102_D_417_0001.wav,gunshot,train
gunshot/S-210908_W_102_D_143_0001.wav,gunshot,train
gunshot/S-210930_W_102_D_762_0001.wav,gunshot,train
gunshot/S-210916_W_102_D_153_0001.wav,gunshot,train
gunshot/S-210916_W_102_D_139_0001.wav,gunshot,train
gunshot/S-210916_W_102_D_319_0001.wav,gunshot,train
gunshot/S-211023_W_102_D_005_0001.wav,gunshot,train
gunshot/S-210908_W_102_D_387_0001.wav,gunshot,train
gunshot/S-211109_W_102_D_074_0001.wav,gunshot,train
gunshot/S-210930_W_102_D_612_0001.wav,gunshot,train
gunshot/S-211104_W_101_D_286_0001.wav,gunshot,train
gunshot/S-210908_W_102_D_651_0001.wav,gunshot,train
gunshot/S-210930_W_102_D_466_0001.wav,gunshot,train
gunshot/S-210930_W_102_D_419_0001.wav,gunshot,train
gunshot/S-210930_W_102_D_434_0001.wav,gunshot,train
gunshot/S-210908_W_102_D_046_0001.wav,gunshot,train
gunshot/S-210930_W_102_D_143_0001.wav,gunshot,train
gunshot/S-210916_W_102_D_125_0001.wav,gunshot,train
gunshot/S-210916_W_102_D_468_0001.wav,gunshot,train
gunshot/S-210930_W_102_D_335_0001.wav,gunshot,train
gunshot/S-210916_W_102_D_401_0001.wav,gunshot,train
gunshot/S-210930_W_102_D_682_0001.wav,gunshot,train
gunshot/S-211104_W_101_D_143_0001.wav,gunshot,train
gunshot/S-210908_W_102_D_309_0001.wav,gunshot,train
gunshot/S-210930_W_102_D_267_0001.wav,gunshot,train
gunshot/S-210916_W_102_D_266_0001.wav,gunshot,train
gunshot/S-210930_W_102_D_499_0001.wav,gunshot,train
gunshot/S-211104_W_101_D_163_0001.wav,gunshot,train
gunshot/S-210908_W_102_D_092_0001.wav,gunshot,train
gunshot/S-211104_W_101_D_096_0001.wav,gunshot,train
gunshot/S-210916_W_102_D_158_0001.wav,gunshot,train
gunshot/S-210908_W_102_D_500_0001.wav,gunshot,train
gunshot/S-210930_W_102_D_021_0001.wav,gunshot,train
gunshot/S-210908_W_102_D_655_0001.wav,gunshot,train
gunshot/S-210908_W_102_D_157_0001.wav,gunshot,train
gunshot/S-211104_W_101_D_049_0001.wav,gunshot,train
gunshot/S-211023_W_102_D_023_0001.wav,gunshot,train
gunshot/S-210916_W_102_D_199_0001.wav,gunshot,train
gunshot/S-210916_W_102_D_143_0001.wav,gunshot,train
gunshot/S-210930_W_102_D_315_0001.wav,gunshot,train
gunshot/S-210930_W_102_D_715_0001.wav,gunshot,train
gunshot/S-210908_W_102_D_523_0001.wav,gunshot,train
gunshot/S-210908_W_102_D_231_0001.wav,gunshot,train
gunshot/S-210908_W_102_D_291_0001.wav,gunshot,train
gunshot/S-210908_W_102_D_673_0001.wav,gunshot,train
gunshot/S-210930_W_102_D_488_0001.wav,gunshot,train
gunshot/S-210908_W_102_D_104_0001.wav,gunshot,train
gunshot/S-210916_W_102_D_200_0001.wav,gunshot,train
gunshot/S-210930_W_102_D_721_0001.wav,gunshot,train
gunshot/S-211104_W_101_D_039_0001.wav,gunshot,train
gunshot/S-210908_W_102_D_053_0001.wav,gunshot,train
gunshot/S-210930_W_102_D_484_0001.wav,gunshot,train
gunshot/S-210930_W_102_D_426_0001.wav,gunshot,train
gunshot/S-211023_W_102_C_001_0001.wav,gunshot,train
gunshot/S-210908_W_102_D_334_0001.wav,gunshot,train
gunshot/S-210916_W_102_D_867_0001.wav,gunshot,train
gunshot/S-210916_W_102_D_374_0001.wav,gunshot,train
gunshot/S-211023_W_102_D_025_0001.wav,gunshot,train
gunshot/S-210908_W_102_D_463_0001.wav,gunshot,train
gunshot/S-210930_W_102_D_738_0001.wav,gunshot,train
gunshot/S-210930_W_102_D_631_0001.wav,gunshot,train
gunshot/S-210908_W_102_D_602_0001.wav,gunshot,train
gunshot/S-210930_W_102_D_527_0001.wav,gunshot,train
gunshot/S-210916_W_102_D_058_0001.wav,gunshot,train
gunshot/S-210908_W_102_D_536_0001.wav,gunshot,train
gunshot/S-210930_W_102_D_205_0001.wav,gunshot,train
gunshot/S-210930_W_102_D_689_0001.wav,gunshot,train
gunshot/S-210908_W_102_D_182_0001.wav,gunshot,train
gunshot/S-210930_W_102_D_542_0001.wav,gunshot,train
gunshot/S-211104_W_101_D_146_0001.wav,gunshot,train
gunshot/S-210930_W_102_D_221_0001.wav,gunshot,train
gunshot/S-210930_W_102_D_211_0001.wav,gunshot,train
gunshot/S-210908_W_102_D_543_0001.wav,gunshot,train
gunshot/S-210908_W_102_D_587_0001.wav,gunshot,train
gunshot/S-210930_W_102_D_485_0001.wav,gunshot,train
gunshot/S-210908_W_102_D_217_0001.wav,gunshot,train
gunshot/S-210930_W_102_D_013_0001.wav,gunshot,train
gunshot/S-210908_W_102_D_484_0001.wav,gunshot,train
gunshot/S-210908_W_102_D_625_0001.wav,gunshot,train
gunshot/S-210908_W_102_D_146_0001.wav,gunshot,train
gunshot/S-210930_W_102_D_464_0001.wav,gunshot,train
gunshot/S-210916_W_102_D_819_0001.wav,gunshot,train
gunshot/S-210908_W_102_D_610_0001.wav,gunshot,train
gunshot/S-210916_W_102_D_848_0001.wav,gunshot,train
gunshot/S-210930_W_102_D_595_0001.wav,gunshot,train
gunshot/S-211104_W_101_D_195_0001.wav,gunshot,train
gunshot/S-210908_W_102_D_454_0001.wav,gunshot,train
gunshot/S-210908_W_102_D_674_0001.wav,gunshot,train
gunshot/S-211104_W_101_D_114_0001.wav,gunshot,train
gunshot/S-211104_W_101_D_278_0001.wav,gunshot,train
gunshot/S-210908_W_102_D_093_0001.wav,gunshot,train
gunshot/S-210908_W_102_D_318_0001.wav,gunshot,train
gunshot/S-210908_W_102_D_148_0001.wav,gunshot,train
gunshot/S-210908_W_102_D_121_0001.wav,gunshot,train
gunshot/S-210916_W_102_D_847_0001.wav,gunshot,train
gunshot/S-210916_W_102_D_656_0001.wav,gunshot,train
gunshot/S-211104_W_101_D_034_0001.wav,gunshot,train
gunshot/S-210908_W_102_D_089_0001.wav,gunshot,train
gunshot/S-211104_W_101_D_173_0001.wav,gunshot,train
gunshot/S-210916_W_102_D_059_0001.wav,gunshot,train
gunshot/S-210916_W_102_D_662_0001.wav,gunshot,train
gunshot/S-210908_W_102_D_276_0001.wav,gunshot,train
gunshot/S-210930_W_102_D_741_0001.wav,gunshot,train
gunshot/S-211024_W_101_D_068_0001.wav,gunshot,train
gunshot/S-211216_W_101_D_020_0001.wav,gunshot,train
gunshot/S-210930_W_102_D_716_0001.wav,gunshot,train
gunshot/S-211104_W_101_D_187_0001.wav,gunshot,train
gunshot/S-210916_W_102_D_840_0001.wav,gunshot,train
gunshot/S-210916_W_102_D_855_0001.wav,gunshot,train
gunshot/S-210908_W_102_D_298_0001.wav,gunshot,train
gunshot/S-210916_W_102_D_131_0001.wav,gunshot,train
gunshot/S-210908_W_102_D_365_0001.wav,gunshot,train
gunshot/S-210930_W_102_D_718_0001.wav,gunshot,train
gunshot/S-210930_W_102_D_251_0001.wav,gunshot,train
gunshot/S-210908_W_102_D_246_0001.wav,gunshot,train
gunshot/S-210930_W_102_D_711_0001.wav,gunshot,train
gunshot/S-210908_W_102_D_513_0001.wav,gunshot,train
gunshot/S-210908_W_102_D_211_0001.wav,gunshot,train
gunshot/S-210916_W_102_D_685_0001.wav,gunshot,train
gunshot/S-210908_W_102_D_333_0001.wav,gunshot,train
gunshot/S-210908_W_102_D_051_0001.wav,gunshot,train
gunshot/S-210916_W_102_D_831_0001.wav,gunshot,train
gunshot/S-210908_W_102_D_380_0001.wav,gunshot,train
gunshot/S-210908_W_102_D_232_0001.wav,gunshot,train
gunshot/S-210916_W_102_D_412_0001.wav,gunshot,train
gunshot/S-210930_W_102_D_467_0001.wav,gunshot,train
gunshot/S-210916_W_102_D_150_0001.wav,gunshot,train
gunshot/S-210930_W_102_D_633_0001.wav,gunshot,train
gunshot/S-210908_W_102_D_324_0001.wav,gunshot,train
gunshot/S-210908_W_102_D_629_0001.wav,gunshot,train
gunshot/S-211216_W_101_D_012_0001.wav,gunshot,train
gunshot/S-210908_W_102_D_622_0001.wav,gunshot,train
gunshot/S-210908_W_102_D_374_0001.wav,gunshot,train
gunshot/S-210908_W_102_D_609_0001.wav,gunshot,train
gunshot/S-210908_W_102_D_469_0001.wav,gunshot,train
gunshot/S-210908_W_102_D_675_0001.wav,gunshot,train
gunshot/S-210908_W_102_D_496_0001.wav,gunshot,train
gunshot/S-210908_W_102_D_382_0001.wav,gunshot,train
gunshot/S-210908_W_102_D_558_0001.wav,gunshot,train
gunshot/S-210916_W_102_D_839_0001.wav,gunshot,train
gunshot/S-210916_W_102_D_028_0001.wav,gunshot,train
gunshot/S-211024_W_101_D_078_0001.wav,gunshot,train
gunshot/S-211104_W_101_D_016_0001.wav,gunshot,train
gunshot/S-211104_W_101_D_269_0001.wav,gunshot,train
gunshot/S-210916_W_102_D_242_0001.wav,gunshot,train
gunshot/S-210908_W_102_D_080_0001.wav,gunshot,train
gunshot/S-211104_W_101_D_053_0001.wav,gunshot,train
gunshot/S-210908_W_102_D_591_0001.wav,gunshot,train
gunshot/S-210916_W_102_D_173_0001.wav,gunshot,train
gunshot/S-211104_W_101_D_217_0001.wav,gunshot,train
gunshot/S-211104_W_101_D_177_0001.wav,gunshot,train
gunshot/S-210908_W_102_D_149_0001.wav,gunshot,train
gunshot/S-210908_W_102_D_489_0001.wav,gunshot,train
gunshot/S-210916_W_102_D_626_0001.wav,gunshot,train
gunshot/S-210916_W_102_D_352_0001.wav,gunshot,train
gunshot/S-210916_W_102_D_178_0001.wav,gunshot,train
gunshot/S-210916_W_102_D_274_0001.wav,gunshot,train
gunshot/S-211023_W_102_D_015_0001.wav,gunshot,train
gunshot/S-211104_W_101_D_058_0001.wav,gunshot,train
gunshot/S-210908_W_102_D_171_0001.wav,gunshot,train
gunshot/S-211216_W_101_D_014_0001.wav,gunshot,train
gunshot/S-210908_W_102_D_497_0001.wav,gunshot,train
gunshot/S-210908_W_102_D_195_0001.wav,gunshot,train
gunshot/S-210908_W_102_D_596_0001.wav,gunshot,train
gunshot/S-210908_W_102_D_505_0001.wav,gunshot,train
gunshot/S-210908_W_102_D_364_0001.wav,gunshot,train
gunshot/S-210908_W_102_D_237_0001.wav,gunshot,train
gunshot/S-210908_W_102_D_501_0001.wav,gunshot,train
gunshot/S-211104_W_101_D_226_0001.wav,gunshot,train
gunshot/S-211109_W_102_D_106_0001.wav,gunshot,train
gunshot/S-210916_W_102_D_877_0001.wav,gunshot,train
gunshot/S-210908_W_102_D_475_0001.wav,gunshot,train
gunshot/S-210930_W_102_D_140_0001.wav,gunshot,train
gunshot/S-210908_W_102_D_144_0001.wav,gunshot,train
gunshot/S-210916_W_102_D_057_0001.wav,gunshot,train
gunshot/S-210930_W_102_D_117_0001.wav,gunshot,train
gunshot/S-210916_W_102_D_170_0001.wav,gunshot,train
gunshot/S-210930_W_102_D_015_0001.wav,gunshot,train
gunshot/S-210908_W_102_D_449_0001.wav,gunshot,train
gunshot/S-210916_W_102_D_788_0001.wav,gunshot,train
gunshot/S-211104_W_101_D_144_0001.wav,gunshot,train
gunshot/S-210930_W_102_D_608_0001.wav,gunshot,train
gunshot/S-210930_W_102_D_713_0001.wav,gunshot,train
gunshot/S-210908_W_102_D_455_0001.wav,gunshot,train
gunshot/S-210908_W_102_D_360_0001.wav,gunshot,train
gunshot/S-210930_W_102_D_432_0001.wav,gunshot,train
gunshot/S-210908_W_102_D_663_0001.wav,gunshot,train
gunshot/S-210930_W_102_D_429_0001.wav,gunshot,train
gunshot/S-210908_W_102_D_116_0001.wav,gunshot,train
gunshot/S-210916_W_102_D_085_0001.wav,gunshot,train
gunshot/S-210908_W_102_D_367_0001.wav,gunshot,train
gunshot/S-210930_W_102_D_249_0001.wav,gunshot,train
gunshot/S-210930_W_102_D_427_0001.wav,gunshot,train
gunshot/S-210908_W_102_D_571_0001.wav,gunshot,train
gunshot/S-211103_W_101_D_051_0001.wav,gunshot,train
gunshot/S-210930_W_102_D_769_0001.wav,gunshot,train
gunshot/S-210908_W_102_D_283_0001.wav,gunshot,train
gunshot/S-210916_W_102_D_514_0001.wav,gunshot,train
gunshot/S-210930_W_102_D_158_0001.wav,gunshot,train
gunshot/S-210930_W_102_D_151_0001.wav,gunshot,train
gunshot/S-210916_W_102_D_834_0001.wav,gunshot,train
gunshot/S-210930_W_102_D_778_0001.wav,gunshot,train
gunshot/S-210908_W_102_D_094_0001.wav,gunshot,train
gunshot/S-210908_W_102_D_267_0001.wav,gunshot,train
gunshot/S-210930_W_102_D_111_0001.wav,gunshot,train
gunshot/S-210908_W_102_D_198_0001.wav,gunshot,train
gunshot/S-210930_W_102_D_094_0001.wav,gunshot,train
gunshot/S-210908_W_102_D_537_0001.wav,gunshot,train
gunshot/S-210916_W_102_D_563_0001.wav,gunshot,train
gunshot/S-211103_W_102_C_001_0001.wav,gunshot,train
gunshot/S-210916_W_102_D_749_0001.wav,gunshot,train
gunshot/S-211103_W_101_D_071_0001.wav,gunshot,train
gunshot/S-210908_W_102_D_086_0001.wav,gunshot,train
gunshot/S-210930_W_102_D_312_0001.wav,gunshot,train
gunshot/S-211104_W_101_D_116_0001.wav,gunshot,train
gunshot/S-210930_W_102_D_033_0001.wav,gunshot,train
gunshot/S-210930_W_102_D_118_0001.wav,gunshot,train
gunshot/S-210908_W_102_D_065_0001.wav,gunshot,train
gunshot/S-210908_W_102_D_615_0001.wav,gunshot,train
gunshot/S-210908_W_102_D_099_0001.wav,gunshot,train
gunshot/S-211104_W_101_D_285_0001.wav,gunshot,train
gunshot/S-210916_W_102_D_835_0001.wav,gunshot,train
gunshot/S-210916_W_102_D_512_0001.wav,gunshot,train
gunshot/S-210908_W_102_D_590_0001.wav,gunshot,train
gunshot/S-210908_W_102_D_337_0001.wav,gunshot,train
gunshot/S-210908_W_102_D_243_0001.wav,gunshot,train
gunshot/S-210908_W_102_D_260_0001.wav,gunshot,train
gunshot/S-210916_W_102_D_410_0001.wav,gunshot,train
gunshot/S-210916_W_102_D_187_0001.wav,gunshot,train
gunshot/S-211023_W_102_D_011_0001.wav,gunshot,train
gunshot/S-210930_W_102_D_247_0001.wav,gunshot,train
gunshot/S-210916_W_102_D_674_0001.wav,gunshot,train
gunshot/S-210916_W_102_D_223_0001.wav,gunshot,train
gunshot/S-210930_W_102_D_353_0001.wav,gunshot,train
gunshot/S-210930_W_102_D_264_0001.wav,gunshot,train
gunshot/S-210916_W_102_D_595_0001.wav,gunshot,train
gunshot/S-210930_W_102_D_040_0001.wav,gunshot,train
gunshot/S-210908_W_102_D_088_0001.wav,gunshot,train
gunshot/S-210916_W_102_D_210_0001.wav,gunshot,train
gunshot/S-210916_W_102_D_798_0001.wav,gunshot,train
gunshot/S-211216_W_101_D_007_0001.wav,gunshot,train
gunshot/S-210908_W_102_D_352_0001.wav,gunshot,train
gunshot/S-210916_W_102_D_215_0001.wav,gunshot,train
gunshot/S-210916_W_102_D_267_0001.wav,gunshot,train
gunshot/S-210930_W_102_D_553_0001.wav,gunshot,train
gunshot/S-210930_W_102_D_635_0001.wav,gunshot,train
gunshot/S-210930_W_102_D_448_0001.wav,gunshot,train
gunshot/S-210916_W_102_D_152_0001.wav,gunshot,train
gunshot/S-210908_W_102_D_172_0001.wav,gunshot,train
gunshot/S-210930_W_102_D_737_0001.wav,gunshot,train
gunshot/S-210908_W_102_D_186_0001.wav,gunshot,train
gunshot/S-210916_W_102_D_124_0001.wav,gunshot,train
gunshot/S-211104_W_101_D_228_0001.wav,gunshot,train
gunshot/S-210930_W_102_D_310_0001.wav,gunshot,train
gunshot/S-210908_W_102_D_067_0001.wav,gunshot,train
gunshot/S-210916_W_102_D_222_0001.wav,gunshot,train
gunshot/S-210908_W_102_D_068_0001.wav,gunshot,train
gunshot/S-210908_W_102_D_212_0001.wav,gunshot,train
gunshot/S-210908_W_102_D_287_0001.wav,gunshot,train
gunshot/S-210916_W_102_D_610_0001.wav,gunshot,train
gunshot/S-210908_W_102_D_623_0001.wav,gunshot,train
gunshot/S-210908_W_102_D_358_0001.wav,gunshot,train
gunshot/S-210930_W_102_D_231_0001.wav,gunshot,train
gunshot/S-211103_W_101_D_041_0001.wav,gunshot,train
gunshot/S-210908_W_102_D_187_0001.wav,gunshot,train
gunshot/S-211104_W_101_D_145_0001.wav,gunshot,train
gunshot/S-210916_W_102_D_265_0001.wav,gunshot,train
gunshot/S-210908_W_102_D_640_0001.wav,gunshot,train
gunshot/S-210930_W_102_D_023_0001.wav,gunshot,train
gunshot/S-210930_W_102_D_586_0001.wav,gunshot,train
gunshot/S-210930_W_102_D_311_0001.wav,gunshot,train
gunshot/S-211104_W_101_D_068_0001.wav,gunshot,train
gunshot/S-210916_W_102_D_188_0001.wav,gunshot,train
gunshot/S-210908_W_102_D_600_0001.wav,gunshot,train
gunshot/S-210930_W_102_D_536_0001.wav,gunshot,train
gunshot/S-210916_W_102_D_237_0001.wav,gunshot,train
gunshot/S-211104_W_101_D_258_0001.wav,gunshot,train
gunshot/S-210930_W_102_D_317_0001.wav,gunshot,train
gunshot/S-210916_W_102_D_331_0001.wav,gunshot,train
gunshot/S-210916_W_102_D_675_0001.wav,gunshot,train
gunshot/S-210908_W_102_D_224_0001.wav,gunshot,train
gunshot/S-211216_W_101_D_006_0001.wav,gunshot,train
gunshot/S-210908_W_102_D_637_0001.wav,gunshot,train
gunshot/S-210908_W_102_D_338_0001.wav,gunshot,train
gunshot/S-211104_W_101_D_202_0001.wav,gunshot,train
gunshot/S-210916_W_102_D_004_0001.wav,gunshot,train
gunshot/S-210916_W_102_D_196_0001.wav,gunshot,train
gunshot/S-210916_W_102_D_369_0001.wav,gunshot,train
gunshot/S-210916_W_102_D_808_0001.wav,gunshot,train
gunshot/S-210930_W_102_D_160_0001.wav,gunshot,train
gunshot/S-211104_W_101_D_123_0001.wav,gunshot,train
gunshot/S-210930_W_102_D_650_0001.wav,gunshot,train
gunshot/S-210908_W_102_D_043_0001.wav,gunshot,train
gunshot/S-211023_W_102_D_019_0001.wav,gunshot,train
gunshot/S-210916_W_102_D_458_0001.wav,gunshot,train
gunshot/S-210916_W_102_D_092_0001.wav,gunshot,train
gunshot/S-210908_W_102_D_460_0001.wav,gunshot,train
gunshot/S-210916_W_102_D_127_0001.wav,gunshot,train
gunshot/S-210916_W_102_D_515_0001.wav,gunshot,train
gunshot/S-210916_W_102_D_168_0001.wav,gunshot,train
gunshot/S-211104_W_101_D_284_0001.wav,gunshot,train
gunshot/S-210930_W_102_D_019_0001.wav,gunshot,train
gunshot/S-210908_W_102_D_169_0001.wav,gunshot,train
gunshot/S-211104_W_101_D_113_0001.wav,gunshot,train
gunshot/S-210930_W_102_D_228_0001.wav,gunshot,train
gunshot/S-210908_W_102_D_244_0001.wav,gunshot,train
gunshot/S-210930_W_102_D_463_0001.wav,gunshot,train
gunshot/S-210908_W_102_D_350_0001.wav,gunshot,train
gunshot/S-210916_W_102_D_769_0001.wav,gunshot,train
gunshot/S-210930_W_102_D_514_0001.wav,gunshot,train
gunshot/S-210916_W_102_D_851_0001.wav,gunshot,train
gunshot/S-210916_W_102_D_680_0001.wav,gunshot,train
gunshot/S-210916_W_102_D_322_0001.wav,gunshot,train
gunshot/S-210908_W_102_D_634_0001.wav,gunshot,train
gunshot/S-210908_W_102_D_069_0001.wav,gunshot,train
gunshot/S-210916_W_102_D_790_0001.wav,gunshot,train
gunshot/S-210908_W_102_D_181_0001.wav,gunshot,train
gunshot/S-210908_W_102_D_103_0001.wav,gunshot,train
gunshot/S-210916_W_102_D_020_0001.wav,gunshot,train
gunshot/S-210916_W_102_D_175_0001.wav,gunshot,train
gunshot/S-210930_W_102_D_152_0001.wav,gunshot,train
gunshot/S-210916_W_102_D_716_0001.wav,gunshot,train
gunshot/S-210930_W_102_D_743_0001.wav,gunshot,train
gunshot/S-210916_W_102_D_336_0001.wav,gunshot,train
gunshot/S-210916_W_102_D_613_0001.wav,gunshot,train
gunshot/S-211104_W_101_D_211_0001.wav,gunshot,train
gunshot/S-210916_W_102_D_850_0001.wav,gunshot,train
gunshot/S-210930_W_102_D_018_0001.wav,gunshot,train
gunshot/S-210930_W_102_D_491_0001.wav,gunshot,train
gunshot/S-210908_W_102_D_649_0001.wav,gunshot,train
gunshot/S-210930_W_102_D_443_0001.wav,gunshot,train
gunshot/S-210908_W_102_D_289_0001.wav,gunshot,train
gunshot/S-211028_W_102_C_201_0001.wav,gunshot,train
gunshot/S-211104_W_101_D_040_0001.wav,gunshot,train
gunshot/S-210916_W_102_D_715_0001.wav,gunshot,train
gunshot/S-210916_W_102_D_302_0001.wav,gunshot,train
gunshot/S-210930_W_102_D_526_0001.wav,gunshot,train
gunshot/S-210908_W_102_D_160_0001.wav,gunshot,train
gunshot/S-210908_W_102_D_308_0001.wav,gunshot,train
gunshot/S-211109_W_102_D_118_0001.wav,gunshot,train
gunshot/S-210908_W_102_D_111_0001.wav,gunshot,train
gunshot/S-210930_W_102_D_125_0001.wav,gunshot,train
gunshot/S-210908_W_102_D_464_0001.wav,gunshot,train
gunshot/S-210916_W_102_D_699_0001.wav,gunshot,train
gunshot/S-210916_W_102_D_114_0001.wav,gunshot,train
gunshot/S-210916_W_102_D_672_0001.wav,gunshot,train
gunshot/S-211024_W_101_D_085_0001.wav,gunshot,train
gunshot/S-211024_W_101_D_086_0001.wav,gunshot,train
gunshot/S-210908_W_102_D_472_0001.wav,gunshot,train
gunshot/S-210916_W_102_D_521_0001.wav,gunshot,train
gunshot/S-210916_W_102_D_838_0001.wav,gunshot,train
gunshot/S-211104_W_101_D_253_0001.wav,gunshot,train
gunshot/S-210908_W_102_D_442_0001.wav,gunshot,train
gunshot/S-210908_W_102_D_105_0001.wav,gunshot,train
gunshot/S-210930_W_102_D_007_0001.wav,gunshot,train
gunshot/S-210916_W_102_D_633_0001.wav,gunshot,train
gunshot/S-211104_W_101_D_038_0001.wav,gunshot,train
gunshot/S-210930_W_102_D_764_0001.wav,gunshot,train
gunshot/S-210908_W_102_D_219_0001.wav,gunshot,train
gunshot/S-210908_W_102_D_659_0001.wav,gunshot,train
gunshot/S-211104_W_101_D_046_0001.wav,gunshot,train
gunshot/S-210916_W_102_D_797_0001.wav,gunshot,train
gunshot/S-210908_W_102_D_288_0001.wav,gunshot,train
gunshot/S-210916_W_102_D_776_0001.wav,gunshot,train
gunshot/S-210908_W_102_D_218_0001.wav,gunshot,train
gunshot/S-210930_W_102_D_640_0001.wav,gunshot,train
gunshot/S-210908_W_102_D_344_0001.wav,gunshot,train
gunshot/S-210916_W_102_D_313_0001.wav,gunshot,train
gunshot/S-210908_W_102_D_445_0001.wav,gunshot,train
gunshot/S-211104_W_101_D_005_0001.wav,gunshot,train
gunshot/S-210916_W_102_D_815_0001.wav,gunshot,train
gunshot/S-211104_W_101_D_272_0001.wav,gunshot,train
gunshot/S-210916_W_102_D_304_0001.wav,gunshot,train
gunshot/S-210930_W_102_D_740_0001.wav,gunshot,train
gunshot/S-211103_W_101_D_011_0001.wav,gunshot,train
gunshot/S-210908_W_102_D_138_0001.wav,gunshot,train
gunshot/S-210908_W_102_D_607_0001.wav,gunshot,train
gunshot/S-210908_W_102_D_098_0001.wav,gunshot,train
gunshot/S-210908_W_102_D_064_0001.wav,gunshot,train
gunshot/S-210908_W_102_D_129_0001.wav,gunshot,train
gunshot/S-210930_W_102_D_265_0001.wav,gunshot,train
gunshot/S-210908_W_102_D_141_0001.wav,gunshot,train
gunshot/S-210908_W_102_D_619_0001.wav,gunshot,train
gunshot/S-210908_W_102_D_321_0001.wav,gunshot,train
gunshot/S-210930_W_102_D_248_0001.wav,gunshot,train
gunshot/S-210908_W_102_D_215_0001.wav,gunshot,train
gunshot/S-210916_W_102_D_194_0001.wav,gunshot,train
gunshot/S-210908_W_102_D_502_0001.wav,gunshot,train
gunshot/S-210916_W_102_D_654_0001.wav,gunshot,train
gunshot/S-210916_W_102_D_252_0001.wav,gunshot,train
gunshot/S-210908_W_102_D_628_0001.wav,gunshot,train
gunshot/S-210930_W_102_D_097_0001.wav,gunshot,train
gunshot/S-210930_W_102_D_453_0001.wav,gunshot,train
gunshot/S-210908_W_102_D_191_0001.wav,gunshot,train
gunshot/S-210916_W_102_D_334_0001.wav,gunshot,train
gunshot/S-210908_W_102_D_509_0001.wav,gunshot,train
gunshot/S-211216_W_101_D_009_0001.wav,gunshot,train
gunshot/S-211104_W_101_D_219_0001.wav,gunshot,train
gunshot/S-210930_W_102_D_728_0001.wav,gunshot,train
gunshot/S-210916_W_102_D_409_0001.wav,gunshot,train
gunshot/S-210908_W_102_D_236_0001.wav,gunshot,train
gunshot/S-210930_W_102_D_204_0001.wav,gunshot,train
gunshot/S-211104_W_101_D_265_0001.wav,gunshot,train
gunshot/S-210916_W_102_D_151_0001.wav,gunshot,train
gunshot/S-211104_W_101_D_002_0001.wav,gunshot,train
gunshot/S-211216_W_101_D_023_0001.wav,gunshot,train
gunshot/S-210930_W_102_D_537_0001.wav,gunshot,train
gunshot/S-210916_W_102_D_133_0001.wav,gunshot,train
gunshot/S-210930_W_102_D_776_0001.wav,gunshot,train
gunshot/S-211216_W_101_D_026_0001.wav,gunshot,train
gunshot/S-211103_W_101_D_026_0001.wav,gunshot,train
gunshot/S-210930_W_102_D_022_0001.wav,gunshot,train
gunshot/S-210908_W_102_D_156_0001.wav,gunshot,train
gunshot/S-211023_W_102_D_021_0001.wav,gunshot,train
gunshot/S-210916_W_102_D_710_0001.wav,gunshot,train
gunshot/S-210916_W_102_D_717_0001.wav,gunshot,train
gunshot/S-211104_W_101_D_109_0001.wav,gunshot,train
gunshot/S-210916_W_102_D_741_0001.wav,gunshot,train
gunshot/S-210908_W_102_D_477_0001.wav,gunshot,train
gunshot/S-210908_W_102_D_332_0001.wav,gunshot,train
gunshot/S-211104_W_101_D_183_0001.wav,gunshot,train
gunshot/S-210908_W_102_D_581_0001.wav,gunshot,train
gunshot/S-210916_W_102_D_286_0001.wav,gunshot,train
gunshot/S-210930_W_102_D_270_0001.wav,gunshot,train
gunshot/S-210916_W_102_D_228_0001.wav,gunshot,train
gunshot/S-210916_W_102_D_750_0001.wav,gunshot,train
gunshot/S-211104_W_101_D_044_0001.wav,gunshot,train
gunshot/S-210916_W_102_D_192_0001.wav,gunshot,train
gunshot/S-210930_W_102_D_637_0001.wav,gunshot,train
gunshot/S-210916_W_102_D_765_0001.wav,gunshot,train
gunshot/S-210908_W_102_D_656_0001.wav,gunshot,train
gunshot/S-211109_W_102_D_086_0001.wav,gunshot,train
gunshot/S-210908_W_102_D_316_0001.wav,gunshot,train
gunshot/S-210916_W_102_D_714_0001.wav,gunshot,train
gunshot/S-210916_W_102_D_718_0001.wav,gunshot,train
gunshot/S-210916_W_102_D_692_0001.wav,gunshot,train
gunshot/S-211024_W_101_D_079_0001.wav,gunshot,train
gunshot/S-210916_W_102_D_358_0001.wav,gunshot,train
gunshot/S-210930_W_102_D_452_0001.wav,gunshot,train
gunshot/S-210916_W_102_D_036_0001.wav,gunshot,train
gunshot/S-210930_W_102_D_308_0001.wav,gunshot,train
gunshot/S-211104_W_101_D_023_0001.wav,gunshot,train
gunshot/S-210916_W_102_D_693_0001.wav,gunshot,train
gunshot/S-210908_W_102_D_511_0001.wav,gunshot,train
gunshot/S-210916_W_102_D_309_0001.wav,gunshot,train
gunshot/S-210930_W_102_D_611_0001.wav,gunshot,train
gunshot/S-210908_W_102_D_147_0001.wav,gunshot,train
gunshot/S-210930_W_102_D_309_0001.wav,gunshot,train
gunshot/S-210908_W_102_D_119_0001.wav,gunshot,train
gunshot/S-210916_W_102_D_157_0001.wav,gunshot,train
gunshot/S-210916_W_102_D_753_0001.wav,gunshot,train
gunshot/S-210916_W_102_D_189_0001.wav,gunshot,train
gunshot/S-210930_W_102_D_100_0001.wav,gunshot,train
gunshot/S-210908_W_102_D_041_0001.wav,gunshot,train
gunshot/S-210908_W_102_D_483_0001.wav,gunshot,train
gunshot/S-210916_W_102_D_678_0001.wav,gunshot,train
gunshot/S-211104_W_101_D_248_0001.wav,gunshot,train
gunshot/S-210930_W_102_D_782_0001.wav,gunshot,train
gunshot/S-210930_W_102_D_543_0001.wav,gunshot,train
gunshot/S-210908_W_102_D_546_0001.wav,gunshot,train
gunshot/S-210908_W_102_D_381_0001.wav,gunshot,train
gunshot/S-210916_W_102_D_446_0001.wav,gunshot,train
gunshot/S-210908_W_102_D_194_0001.wav,gunshot,train
gunshot/S-210930_W_102_D_487_0001.wav,gunshot,train
gunshot/S-210916_W_102_D_639_0001.wav,gunshot,train
gunshot/S-210908_W_102_D_548_0001.wav,gunshot,train
gunshot/S-210908_W_102_D_542_0001.wav,gunshot,train
gunshot/S-211109_W_102_D_062_0001.wav,gunshot,train
gunshot/S-210930_W_102_D_763_0001.wav,gunshot,train
gunshot/S-211023_W_102_D_010_0001.wav,gunshot,train
gunshot/S-210908_W_102_D_611_0001.wav,gunshot,train
gunshot/S-210930_W_102_D_451_0001.wav,gunshot,train
gunshot/S-210916_W_102_D_145_0001.wav,gunshot,train
gunshot/S-210916_W_102_D_084_0001.wav,gunshot,train
gunshot/S-210908_W_102_D_325_0001.wav,gunshot,train
gunshot/S-210930_W_102_D_534_0001.wav,gunshot,train
gunshot/S-210930_W_102_D_751_0001.wav,gunshot,train
gunshot/S-210908_W_102_D_174_0001.wav,gunshot,train
gunshot/S-210930_W_102_D_517_0001.wav,gunshot,train
gunshot/S-210916_W_102_D_149_0001.wav,gunshot,train
gunshot/S-210930_W_102_D_557_0001.wav,gunshot,train
gunshot/S-210908_W_102_D_672_0001.wav,gunshot,train
gunshot/S-210930_W_102_D_501_0001.wav,gunshot,train
gunshot/S-210930_W_102_D_020_0001.wav,gunshot,train
gunshot/S-210916_W_102_D_423_0001.wav,gunshot,train
gunshot/S-210908_W_102_D_200_0001.wav,gunshot,train
gunshot/S-210930_W_102_D_372_0001.wav,gunshot,train
gunshot/S-210908_W_102_D_481_0001.wav,gunshot,train
gunshot/S-210916_W_102_D_642_0001.wav,gunshot,train
gunshot/S-210916_W_102_D_713_0001.wav,gunshot,train
gunshot/S-210916_W_102_D_204_0001.wav,gunshot,train
gunshot/S-210908_W_102_D_055_0001.wav,gunshot,train
gunshot/S-210908_W_102_D_126_0001.wav,gunshot,train
gunshot/S-210908_W_102_D_583_0001.wav,gunshot,train
gunshot/S-210916_W_102_D_113_0001.wav,gunshot,train
gunshot/S-210916_W_102_D_359_0001.wav,gunshot,train
gunshot/S-210930_W_102_D_554_0001.wav,gunshot,train
gunshot/S-211104_W_101_D_276_0001.wav,gunshot,train
gunshot/S-210930_W_102_D_513_0001.wav,gunshot,train
gunshot/S-210908_W_102_D_485_0001.wav,gunshot,train
gunshot/S-210916_W_102_D_284_0001.wav,gunshot,train
gunshot/S-210908_W_102_D_130_0001.wav,gunshot,train
gunshot/S-210930_W_102_D_614_0001.wav,gunshot,train
gunshot/S-210908_W_102_D_478_0001.wav,gunshot,train
gunshot/S-210916_W_102_D_755_0001.wav,gunshot,train
gunshot/S-211104_W_101_D_206_0001.wav,gunshot,train
gunshot/S-211104_W_101_D_229_0001.wav,gunshot,train
gunshot/S-210916_W_102_D_130_0001.wav,gunshot,train
gunshot/S-210908_W_102_D_646_0001.wav,gunshot,train
gunshot/S-210916_W_102_D_251_0001.wav,gunshot,train
gunshot/S-210930_W_102_D_120_0001.wav,gunshot,train
gunshot/S-210908_W_102_D_635_0001.wav,gunshot,train
gunshot/S-211024_W_101_D_081_0001.wav,gunshot,train
gunshot/S-210908_W_102_D_592_0001.wav,gunshot,train
gunshot/S-211104_W_101_D_105_0001.wav,gunshot,train
gunshot/S-210930_W_102_D_474_0001.wav,gunshot,train
gunshot/S-210916_W_102_D_310_0001.wav,gunshot,train
gunshot/S-210916_W_102_D_577_0001.wav,gunshot,train
gunshot/S-210916_W_102_D_824_0001.wav,gunshot,train
gunshot/S-210908_W_102_D_565_0001.wav,gunshot,train
gunshot/S-210916_W_102_D_330_0001.wav,gunshot,train
gunshot/S-210930_W_102_D_225_0001.wav,gunshot,train
gunshot/S-210908_W_102_D_535_0001.wav,gunshot,train
gunshot/S-210908_W_102_D_250_0001.wav,gunshot,train
gunshot/S-211104_W_101_D_230_0001.wav,gunshot,train
gunshot/S-210930_W_102_D_656_0001.wav,gunshot,train
gunshot/S-210916_W_102_D_136_0001.wav,gunshot,train
gunshot/S-210916_W_102_D_712_0001.wav,gunshot,train
gunshot/S-211109_W_102_D_104_0001.wav,gunshot,train
gunshot/S-210916_W_102_D_128_0001.wav,gunshot,train
gunshot/S-210930_W_102_D_531_0001.wav,gunshot,train
gunshot/S-210908_W_102_D_474_0001.wav,gunshot,train
gunshot/S-211104_W_101_D_264_0001.wav,gunshot,train
gunshot/S-210908_W_102_D_240_0001.wav,gunshot,train
gunshot/S-210916_W_102_D_436_0001.wav,gunshot,train
gunshot/S-210916_W_102_D_214_0001.wav,gunshot,train
gunshot/S-210930_W_102_D_441_0001.wav,gunshot,train
gunshot/S-211104_W_101_D_214_0001.wav,gunshot,train
gunshot/S-210930_W_102_D_775_0001.wav,gunshot,train
gunshot/S-210930_W_102_D_369_0001.wav,gunshot,train
gunshot/S-210930_W_102_D_438_0001.wav,gunshot,train
gunshot/S-210930_W_102_D_619_0001.wav,gunshot,train
gunshot/S-210908_W_102_D_645_0001.wav,gunshot,train
gunshot/S-210908_W_102_D_641_0001.wav,gunshot,train
gunshot/S-211104_W_101_D_282_0001.wav,gunshot,train
gunshot/S-210916_W_102_D_061_0001.wav,gunshot,train
gunshot/S-210916_W_102_D_830_0001.wav,gunshot,train
gunshot/S-211104_W_101_D_069_0001.wav,gunshot,train
gunshot/S-210916_W_102_D_822_0001.wav,gunshot,train
gunshot/S-210916_W_102_D_757_0001.wav,gunshot,train
gunshot/S-210916_W_102_D_858_0001.wav,gunshot,train
gunshot/S-210930_W_102_D_030_0001.wav,gunshot,train
gunshot/S-210930_W_102_D_735_0001.wav,gunshot,train
gunshot/S-211104_W_101_D_093_0001.wav,gunshot,train
gunshot/S-211216_W_101_D_019_0001.wav,gunshot,train
gunshot/S-211104_W_101_D_255_0001.wav,gunshot,train
gunshot/S-210916_W_102_D_129_0001.wav,gunshot,train
gunshot/S-210908_W_102_D_270_0001.wav,gunshot,train
gunshot/S-210908_W_102_D_277_0001.wav,gunshot,train
gunshot/S-210916_W_102_D_621_0001.wav,gunshot,train
gunshot/S-210908_W_102_D_563_0001.wav,gunshot,train
gunshot/S-211104_W_101_D_246_0001.wav,gunshot,train
gunshot/S-210908_W_102_D_313_0001.wav,gunshot,train
gunshot/S-210930_W_102_D_350_0001.wav,gunshot,train
gunshot/S-210930_W_102_D_122_0001.wav,gunshot,train
gunshot/S-210916_W_102_D_690_0001.wav,gunshot,train
gunshot/S-210916_W_102_D_602_0001.wav,gunshot,train
gunshot/S-210916_W_102_D_731_0001.wav,gunshot,train
gunshot/S-210930_W_102_D_139_0001.wav,gunshot,train
gunshot/S-210916_W_102_D_695_0001.wav,gunshot,train
gunshot/S-210908_W_102_D_189_0001.wav,gunshot,train
gunshot/S-210930_W_102_D_497_0001.wav,gunshot,train
gunshot/S-210930_W_102_D_766_0001.wav,gunshot,train
gunshot/S-210916_W_102_D_866_0001.wav,gunshot,train
gunshot/S-210908_W_102_D_601_0001.wav,gunshot,train
gunshot/S-210930_W_102_D_252_0001.wav,gunshot,train
gunshot/S-210908_W_102_D_554_0001.wav,gunshot,train
gunshot/S-210908_W_102_D_375_0001.wav,gunshot,train
gunshot/S-210916_W_102_D_172_0001.wav,gunshot,train
gunshot/S-210930_W_102_D_154_0001.wav,gunshot,train
gunshot/S-210908_W_102_D_346_0001.wav,gunshot,train
gunshot/S-210916_W_102_D_356_0001.wav,gunshot,train
gunshot/S-210908_W_102_D_120_0001.wav,gunshot,train
gunshot/S-210908_W_102_D_042_0001.wav,gunshot,train
gunshot/S-210916_W_102_D_155_0001.wav,gunshot,train
gunshot/S-210908_W_102_D_286_0001.wav,gunshot,train
gunshot/S-210916_W_102_D_681_0001.wav,gunshot,train
gunshot/S-210908_W_102_D_239_0001.wav,gunshot,train
gunshot/S-211104_W_101_D_180_0001.wav,gunshot,train
gunshot/S-210908_W_102_D_357_0001.wav,gunshot,train
gunshot/S-210916_W_102_D_520_0001.wav,gunshot,train
gunshot/S-210908_W_102_D_063_0001.wav,gunshot,train
gunshot/S-211104_W_101_D_204_0001.wav,gunshot,train
gunshot/S-210908_W_102_D_527_0001.wav,gunshot,train
gunshot/S-210916_W_102_D_371_0001.wav,gunshot,train
gunshot/S-210930_W_102_D_092_0001.wav,gunshot,train
gunshot/S-210930_W_102_D_375_0001.wav,gunshot,train
gunshot/S-210916_W_102_D_777_0001.wav,gunshot,train
gunshot/S-210916_W_102_D_357_0001.wav,gunshot,train
gunshot/S-211104_W_101_D_161_0001.wav,gunshot,train
gunshot/S-210908_W_102_D_145_0001.wav,gunshot,train
gunshot/S-211104_W_101_D_019_0001.wav,gunshot,train
gunshot/S-210916_W_102_D_201_0001.wav,gunshot,train
gunshot/S-210930_W_102_D_455_0001.wav,gunshot,train
gunshot/S-210916_W_102_D_445_0001.wav,gunshot,train
gunshot/S-211104_W_101_D_273_0001.wav,gunshot,train
gunshot/S-210916_W_102_D_070_0001.wav,gunshot,train
gunshot/S-210930_W_102_D_014_0001.wav,gunshot,train
gunshot/S-210916_W_102_D_197_0001.wav,gunshot,train
gunshot/S-210916_W_102_D_833_0001.wav,gunshot,train
gunshot/S-211104_W_101_D_176_0001.wav,gunshot,train
gunshot/S-210908_W_102_D_359_0001.wav,gunshot,train
gunshot/S-210916_W_102_D_132_0001.wav,gunshot,train
gunshot/S-210916_W_102_D_165_0001.wav,gunshot,train
gunshot/S-211104_W_101_D_097_0001.wav,gunshot,train
gunshot/S-210916_W_102_D_684_0001.wav,gunshot,train
gunshot/S-210908_W_102_D_579_0001.wav,gunshot,train
gunshot/S-210908_W_102_D_595_0001.wav,gunshot,train
gunshot/S-210908_W_102_D_642_0001.wav,gunshot,train
gunshot/S-210916_W_102_D_243_0001.wav,gunshot,train
gunshot/S-211104_W_101_D_178_0001.wav,gunshot,train
gunshot/S-210916_W_102_D_679_0001.wav,gunshot,train
gunshot/S-210908_W_102_D_076_0001.wav,gunshot,train
gunshot/S-210916_W_102_D_353_0001.wav,gunshot,train
gunshot/S-210908_W_102_D_039_0001.wav,gunshot,train
gunshot/S-210908_W_102_D_490_0001.wav,gunshot,train
gunshot/S-210908_W_102_D_362_0001.wav,gunshot,train
gunshot/S-210908_W_102_D_234_0001.wav,gunshot,train
gunshot/S-210908_W_102_D_134_0001.wav,gunshot,train
gunshot/S-211104_W_101_D_006_0001.wav,gunshot,train
gunshot/S-210908_W_102_D_139_0001.wav,gunshot,train
gunshot/S-210930_W_102_D_442_0001.wav,gunshot,train
gunshot/S-210908_W_102_D_109_0001.wav,gunshot,train
gunshot/S-210916_W_102_D_260_0001.wav,gunshot,train
gunshot/S-210916_W_102_D_682_0001.wav,gunshot,train
gunshot/S-211109_W_102_D_090_0001.wav,gunshot,train
gunshot/S-210916_W_102_D_809_0001.wav,gunshot,train
gunshot/S-210908_W_102_D_453_0001.wav,gunshot,train
gunshot/S-210908_W_102_D_201_0001.wav,gunshot,train
gunshot/S-210908_W_102_D_297_0001.wav,gunshot,train
gunshot/S-210908_W_102_D_220_0001.wav,gunshot,train
gunshot/S-210908_W_102_D_444_0001.wav,gunshot,train
gunshot/S-210916_W_102_D_816_0001.wav,gunshot,train
gunshot/S-211104_W_101_D_165_0001.wav,gunshot,train
gunshot/S-210908_W_102_D_127_0001.wav,gunshot,train
gunshot/S-210916_W_102_D_294_0001.wav,gunshot,train
gunshot/S-211216_W_101_D_013_0001.wav,gunshot,train
gunshot/S-211024_W_101_D_075_0001.wav,gunshot,train
gunshot/S-210930_W_102_D_493_0001.wav,gunshot,train
gunshot/S-210930_W_102_D_516_0001.wav,gunshot,train
gunshot/S-210930_W_102_D_370_0001.wav,gunshot,train
gunshot/S-210930_W_102_D_016_0001.wav,gunshot,train
gunshot/S-210930_W_102_D_477_0001.wav,gunshot,train
gunshot/S-210908_W_102_D_480_0001.wav,gunshot,train
gunshot/S-211104_W_101_D_100_0001.wav,gunshot,train
gunshot/S-211104_W_101_D_110_0001.wav,gunshot,train
gunshot/S-210908_W_102_D_314_0001.wav,gunshot,train
gunshot/S-210916_W_102_D_046_0001.wav,gunshot,train
gunshot/S-210916_W_102_D_624_0001.wav,gunshot,train
gunshot/S-211216_W_101_D_018_0001.wav,gunshot,train
gunshot/S-210916_W_102_D_327_0001.wav,gunshot,train
gunshot/S-210916_W_102_D_156_0001.wav,gunshot,train
gunshot/S-210930_W_102_D_767_0001.wav,gunshot,train
gunshot/S-210908_W_102_D_285_0001.wav,gunshot,train
gunshot/S-210916_W_102_D_285_0001.wav,gunshot,train
gunshot/S-210908_W_102_D_588_0001.wav,gunshot,train
gunshot/S-210908_W_102_D_095_0001.wav,gunshot,train
gunshot/S-210916_W_102_D_601_0001.wav,gunshot,train
gunshot/S-210908_W_102_D_547_0001.wav,gunshot,train
gunshot/S-210908_W_102_D_259_0001.wav,gunshot,train
gunshot/S-210916_W_102_D_366_0001.wav,gunshot,train
gunshot/S-210930_W_102_D_753_0001.wav,gunshot,train
gunshot/S-210908_W_102_D_491_0001.wav,gunshot,train
gunshot/S-211104_W_101_D_168_0001.wav,gunshot,train
gunshot/S-210908_W_102_D_057_0001.wav,gunshot,train
gunshot/S-211216_W_101_D_002_0001.wav,gunshot,train
gunshot/S-210916_W_102_D_541_0001.wav,gunshot,train
gunshot/S-210930_W_102_D_472_0001.wav,gunshot,train
gunshot/S-210908_W_102_D_207_0001.wav,gunshot,train
gunshot/S-211104_W_101_D_111_0001.wav,gunshot,train
gunshot/S-210916_W_102_D_486_0001.wav,gunshot,train
gunshot/S-210916_W_102_D_700_0001.wav,gunshot,train
gunshot/S-210930_W_102_D_548_0001.wav,gunshot,train
gunshot/S-210908_W_102_D_044_0001.wav,gunshot,train
gunshot/S-210908_W_102_D_530_0001.wav,gunshot,train
gunshot/S-210916_W_102_D_279_0001.wav,gunshot,train
gunshot/S-210930_W_102_D_271_0001.wav,gunshot,train
gunshot/S-210916_W_102_D_841_0001.wav,gunshot,train
gunshot/S-210908_W_102_D_079_0001.wav,gunshot,train
gunshot/S-210908_W_102_D_278_0001.wav,gunshot,train
gunshot/S-210930_W_102_D_780_0001.wav,gunshot,train
gunshot/S-211023_W_102_C_002_0001.wav,gunshot,train
gunshot/S-210916_W_102_D_694_0001.wav,gunshot,train
gunshot/S-210916_W_102_D_195_0001.wav,gunshot,val
gunshot/S-211104_W_101_D_185_0001.wav,gunshot,val
gunshot/S-210908_W_102_D_133_0001.wav,gunshot,val
gunshot/S-210916_W_102_D_368_0001.wav,gunshot,val
gunshot/S-210908_W_102_D_486_0001.wav,gunshot,val
gunshot/S-210908_W_102_D_192_0001.wav,gunshot,val
gunshot/S-210916_W_102_D_392_0001.wav,gunshot,val
gunshot/S-210930_W_102_D_638_0001.wav,gunshot,val
gunshot/S-210908_W_102_D_447_0001.wav,gunshot,val
gunshot/S-210930_W_102_D_657_0001.wav,gunshot,val
gunshot/S-210908_W_102_D_326_0001.wav,gunshot,val
gunshot/S-211104_W_101_D_072_0001.wav,gunshot,val
gunshot/S-210916_W_102_D_119_0001.wav,gunshot,val
gunshot/S-210930_W_102_D_447_0001.wav,gunshot,val
gunshot/S-210908_W_102_D_230_0001.wav,gunshot,val
gunshot/S-211104_W_101_D_112_0001.wav,gunshot,val
gunshot/S-210916_W_102_D_091_0001.wav,gunshot,val
gunshot/S-210930_W_102_D_124_0001.wav,gunshot,val
gunshot/S-210908_W_102_D_242_0001.wav,gunshot,val
gunshot/S-210908_W_102_D_593_0001.wav,gunshot,val
gunshot/S-210908_W_102_D_081_0001.wav,gunshot,val
gunshot/S-211104_W_101_D_134_0001.wav,gunshot,val
gunshot/S-210908_W_102_D_541_0001.wav,gunshot,val
gunshot/S-210916_W_102_D_311_0001.wav,gunshot,val
gunshot/S-211024_W_101_D_061_0001.wav,gunshot,val
gunshot/S-210908_W_102_D_110_0001.wav,gunshot,val
gunshot/S-211104_W_101_D_167_0001.wav,gunshot,val
gunshot/S-211104_W_101_D_268_0001.wav,gunshot,val
gunshot/S-210930_W_102_D_263_0001.wav,gunshot,val
gunshot/S-210908_W_102_D_340_0001.wav,gunshot,val
gunshot/S-210908_W_102_D_664_0001.wav,gunshot,val
gunshot/S-210908_W_102_D_252_0001.wav,gunshot,val
gunshot/S-211104_W_101_D_151_0001.wav,gunshot,val
gunshot/S-211104_W_101_D_084_0001.wav,gunshot,val
gunshot/S-210930_W_102_D_332_0001.wav,gunshot,val
gunshot/S-210930_W_102_D_651_0001.wav,gunshot,val
gunshot/S-210916_W_102_D_435_0001.wav,gunshot,val
gunshot/S-210908_W_102_D_586_0001.wav,gunshot,val
gunshot/S-210916_W_102_D_519_0001.wav,gunshot,val
gunshot/S-210916_W_102_D_594_0001.wav,gunshot,val
gunshot/S-210930_W_102_D_096_0001.wav,gunshot,val
gunshot/S-210930_W_102_D_532_0001.wav,gunshot,val
gunshot/S-210908_W_102_D_666_0001.wav,gunshot,val
gunshot/S-211104_W_101_D_065_0001.wav,gunshot,val
gunshot/S-211104_W_101_D_171_0001.wav,gunshot,val
gunshot/S-210908_W_102_D_538_0001.wav,gunshot,val
gunshot/S-210916_W_102_D_416_0001.wav,gunshot,val
gunshot/S-211104_W_101_D_175_0001.wav,gunshot,val
gunshot/S-211104_W_101_D_118_0001.wav,gunshot,val
gunshot/S-210916_W_102_D_648_0001.wav,gunshot,val
gunshot/S-211104_W_101_D_070_0001.wav,gunshot,val
gunshot/S-210930_W_102_D_750_0001.wav,gunshot,val
gunshot/S-210916_W_102_D_504_0001.wav,gunshot,val
gunshot/S-211104_W_101_D_036_0001.wav,gunshot,val
gunshot/S-210916_W_102_D_618_0001.wav,gunshot,val
gunshot/S-211024_W_101_D_083_0001.wav,gunshot,val
gunshot/S-210916_W_102_D_647_0001.wav,gunshot,val
gunshot/S-211104_W_101_D_047_0001.wav,gunshot,val
gunshot/S-210930_W_102_D_558_0001.wav,gunshot,val
gunshot/S-210908_W_102_D_347_0001.wav,gunshot,val
gunshot/S-210916_W_102_D_259_0001.wav,gunshot,val
gunshot/S-210930_W_102_D_144_0001.wav,gunshot,val
gunshot/S-210916_W_102_D_060_0001.wav,gunshot,val
gunshot/S-210930_W_102_D_590_0001.wav,gunshot,val
gunshot/S-210916_W_102_D_382_0001.wav,gunshot,val
gunshot/S-210908_W_102_D_613_0001.wav,gunshot,val
gunshot/S-210930_W_102_D_355_0001.wav,gunshot,val
gunshot/S-210908_W_102_D_128_0001.wav,gunshot,val
gunshot/S-210916_W_102_D_742_0001.wav,gunshot,val
gunshot/S-210908_W_102_D_668_0001.wav,gunshot,val
gunshot/S-210916_W_102_D_176_0001.wav,gunshot,val
gunshot/S-210930_W_102_D_592_0001.wav,gunshot,val
gunshot/S-210930_W_102_D_048_0001.wav,gunshot,val
gunshot/S-210916_W_102_D_364_0001.wav,gunshot,val
gunshot/S-210908_W_102_D_626_0001.wav,gunshot,val
gunshot/S-211104_W_101_D_287_0001.wav,gunshot,val
gunshot/S-210930_W_102_D_759_0001.wav,gunshot,val
gunshot/S-210930_W_102_D_223_0001.wav,gunshot,val
gunshot/S-210916_W_102_D_062_0001.wav,gunshot,val
gunshot/S-210916_W_102_D_244_0001.wav,gunshot,val
gunshot/S-210930_W_102_D_269_0001.wav,gunshot,val
gunshot/S-210916_W_102_D_408_0001.wav,gunshot,val
gunshot/S-210916_W_102_D_704_0001.wav,gunshot,val
gunshot/S-210916_W_102_D_185_0001.wav,gunshot,val
gunshot/S-210916_W_102_D_719_0001.wav,gunshot,val
gunshot/S-210908_W_102_D_058_0001.wav,gunshot,val
gunshot/S-211104_W_101_D_055_0001.wav,gunshot,val
gunshot/S-210908_W_102_D_575_0001.wav,gunshot,val
gunshot/S-210908_W_102_D_131_0001.wav,gunshot,val
gunshot/S-210930_W_102_D_425_0001.wav,gunshot,val
gunshot/S-210916_W_102_D_181_0001.wav,gunshot,val
gunshot/S-211104_W_101_D_007_0001.wav,gunshot,val
gunshot/S-210930_W_102_D_046_0001.wav,gunshot,val
gunshot/S-210930_W_102_D_142_0001.wav,gunshot,val
gunshot/S-211109_W_102_D_068_0001.wav,gunshot,val
gunshot/S-211024_W_101_D_014_0001.wav,gunshot,val
gunshot/S-210908_W_102_D_671_0001.wav,gunshot,val
gunshot/S-210916_W_102_D_134_0001.wav,gunshot,val
gunshot/S-211023_W_102_D_009_0001.wav,gunshot,val
gunshot/S-210908_W_102_D_384_0001.wav,gunshot,val
gunshot/S-210930_W_102_D_460_0001.wav,gunshot,val
gunshot/S-210930_W_102_D_333_0001.wav,gunshot,val
gunshot/S-211104_W_101_D_240_0001.wav,gunshot,val
gunshot/S-210908_W_102_D_179_0001.wav,gunshot,val
gunshot/S-210908_W_102_D_070_0001.wav,gunshot,val
gunshot/S-210908_W_102_D_567_0001.wav,gunshot,val
gunshot/S-210916_W_102_D_752_0001.wav,gunshot,val
gunshot/S-210916_W_102_D_256_0001.wav,gunshot,val
gunshot/S-210930_W_102_D_034_0001.wav,gunshot,val
gunshot/S-211103_W_101_D_047_0001.wav,gunshot,val
gunshot/S-210908_W_102_D_643_0001.wav,gunshot,val
gunshot/S-210916_W_102_D_789_0001.wav,gunshot,val
gunshot/S-210930_W_102_D_157_0001.wav,gunshot,val
gunshot/S-210908_W_102_D_388_0001.wav,gunshot,val
gunshot/S-210916_W_102_D_417_0001.wav,gunshot,val
gunshot/S-211023_W_102_C_203_0001.wav,gunshot,val
gunshot/S-210930_W_102_D_575_0001.wav,gunshot,val
gunshot/S-210930_W_102_D_232_0001.wav,gunshot,val
gunshot/S-210916_W_102_D_860_0001.wav,gunshot,val
gunshot/S-210916_W_102_D_193_0001.wav,gunshot,val
gunshot/S-211024_W_101_D_031_0001.wav,gunshot,val
gunshot/S-211104_W_101_D_104_0001.wav,gunshot,val
gunshot/S-211104_W_101_D_224_0001.wav,gunshot,val
gunshot/S-210930_W_102_D_609_0001.wav,gunshot,val
gunshot/S-210916_W_102_D_278_0001.wav,gunshot,val
gunshot/S-211104_W_101_D_215_0001.wav,gunshot,val
gunshot/S-210930_W_102_D_732_0001.wav,gunshot,val
gunshot/S-211104_W_101_D_271_0001.wav,gunshot,val
gunshot/S-210908_W_102_D_566_0001.wav,gunshot,val
gunshot/S-210916_W_102_D_269_0001.wav,gunshot,val
gunshot/S-211104_W_101_D_225_0001.wav,gunshot,val
gunshot/S-211028_W_102_C_001_0001.wav,gunshot,val
gunshot/S-210908_W_102_D_275_0001.wav,gunshot,val
gunshot/S-210908_W_102_D_618_0001.wav,gunshot,val
gunshot/S-210908_W_102_D_376_0001.wav,gunshot,val
gunshot/S-210930_W_102_D_539_0001.wav,gunshot,val
gunshot/S-210908_W_102_D_327_0001.wav,gunshot,val
gunshot/S-210908_W_102_D_323_0001.wav,gunshot,val
gunshot/S-211103_W_101_D_046_0001.wav,gunshot,val
gunshot/S-211104_W_101_D_008_0001.wav,gunshot,val
gunshot/S-210916_W_102_D_258_0001.wav,gunshot,val
gunshot/S-210916_W_102_D_048_0001.wav,gunshot,val
gunshot/S-210908_W_102_D_631_0001.wav,gunshot,val
gunshot/S-210916_W_102_D_812_0001.wav,gunshot,val
gunshot/S-210908_W_102_D_202_0001.wav,gunshot,val
gunshot/S-210908_W_102_D_264_0001.wav,gunshot,val
gunshot/S-210908_W_102_D_371_0001.wav,gunshot,val
gunshot/S-210908_W_102_D_303_0001.wav,gunshot,val
gunshot/S-210908_W_102_D_115_0001.wav,gunshot,val
gunshot/S-211104_W_101_D_200_0001.wav,gunshot,val
gunshot/S-210908_W_102_D_482_0001.wav,gunshot,val
gunshot/S-210916_W_102_D_038_0001.wav,gunshot,val
gunshot/S-211104_W_101_D_223_0001.wav,gunshot,val
gunshot/S-210916_W_102_D_159_0001.wav,gunshot,val
gunshot/S-210930_W_102_D_246_0001.wav,gunshot,val
gunshot/S-210916_W_102_D_411_0001.wav,gunshot,val
gunshot/S-210930_W_102_D_156_0001.wav,gunshot,val
gunshot/S-210916_W_102_D_661_0001.wav,gunshot,val
gunshot/S-210908_W_102_D_241_0001.wav,gunshot,val
gunshot/S-210908_W_102_D_494_0001.wav,gunshot,val
gunshot/S-210930_W_102_D_632_0001.wav,gunshot,val
gunshot/S-211104_W_101_D_231_0001.wav,gunshot,val
gunshot/S-210916_W_102_D_756_0001.wav,gunshot,val
gunshot/S-211024_W_101_D_087_0001.wav,gunshot,val
gunshot/S-211104_W_101_D_073_0001.wav,gunshot,val
gunshot/S-211104_W_101_D_220_0001.wav,gunshot,val
gunshot/S-210930_W_102_D_739_0001.wav,gunshot,val
gunshot/S-210908_W_102_D_073_0001.wav,gunshot,val
gunshot/S-211103_W_101_D_062_0001.wav,gunshot,val
gunshot/S-210908_W_102_D_467_0001.wav,gunshot,val
gunshot/S-210908_W_102_D_506_0001.wav,gunshot,val
gunshot/S-210930_W_102_D_112_0001.wav,gunshot,val
gunshot/S-210930_W_102_D_026_0001.wav,gunshot,val
gunshot/S-210916_W_102_D_630_0001.wav,gunshot,val
gunshot/S-210908_W_102_D_331_0001.wav,gunshot,val
gunshot/S-210916_W_102_D_162_0001.wav,gunshot,val
gunshot/S-210930_W_102_D_470_0001.wav,gunshot,val
gunshot/S-210908_W_102_D_379_0001.wav,gunshot,val
gunshot/S-210916_W_102_D_829_0001.wav,gunshot,val
gunshot/S-211104_W_101_D_141_0001.wav,gunshot,val
gunshot/S-210916_W_102_D_820_0001.wav,gunshot,val
gunshot/S-210908_W_102_D_196_0001.wav,gunshot,val
gunshot/S-210908_W_102_D_582_0001.wav,gunshot,val
gunshot/S-210930_W_102_D_206_0001.wav,gunshot,val
gunshot/S-210930_W_102_D_719_0001.wav,gunshot,val
gunshot/S-210908_W_102_D_545_0001.wav,gunshot,val
gunshot/S-210908_W_102_D_345_0001.wav,gunshot,val
gunshot/S-210930_W_102_D_354_0001.wav,gunshot,val
gunshot/S-210916_W_102_D_148_0001.wav,gunshot,val
gunshot/S-210908_W_102_D_584_0001.wav,gunshot,val
gunshot/S-210908_W_102_D_632_0001.wav,gunshot,val
gunshot/S-211104_W_101_D_086_0001.wav,gunshot,val
gunshot/S-211023_W_102_D_022_0001.wav,gunshot,val
gunshot/S-210908_W_102_D_576_0001.wav,gunshot,val
gunshot/S-210930_W_102_D_469_0001.wav,gunshot,val
gunshot/S-210916_W_102_D_399_0001.wav,gunshot,val
gunshot/S-210930_W_102_D_736_0001.wav,gunshot,val
gunshot/S-211104_W_101_D_256_0001.wav,gunshot,val
gunshot/S-211216_W_101_D_027_0001.wav,gunshot,val
gunshot/S-210908_W_102_D_585_0001.wav,gunshot,val
gunshot/S-210908_W_102_D_159_0001.wav,gunshot,val
gunshot/S-210908_W_102_D_281_0001.wav,gunshot,val
gunshot/S-210930_W_102_D_340_0001.wav,gunshot,val
gunshot/S-210916_W_102_D_338_0001.wav,gunshot,val
gunshot/S-210908_W_102_D_617_0001.wav,gunshot,val
gunshot/S-210916_W_102_D_360_0001.wav,gunshot,val
gunshot/S-210916_W_102_D_620_0001.wav,gunshot,val
gunshot/S-211103_W_101_D_120_0001.wav,gunshot,val
gunshot/S-210930_W_102_D_636_0001.wav,gunshot,val
gunshot/S-211104_W_101_D_289_0001.wav,gunshot,val
gunshot/S-210916_W_102_D_090_0001.wav,gunshot,val
gunshot/S-210916_W_102_D_203_0001.wav,gunshot,val
gunshot/S-210916_W_102_D_782_0001.wav,gunshot,val
gunshot/S-210930_W_102_D_367_0001.wav,gunshot,val
gunshot/S-210930_W_102_D_349_0001.wav,gunshot,val
gunshot/S-211104_W_101_D_222_0001.wav,gunshot,val
gunshot/S-210916_W_102_D_333_0001.wav,gunshot,val
gunshot/S-210930_W_102_D_777_0001.wav,gunshot,val
gunshot/S-210908_W_102_D_279_0001.wav,gunshot,val
gunshot/S-210930_W_102_D_230_0001.wav,gunshot,val
gunshot/S-210916_W_102_D_513_0001.wav,gunshot,val
gunshot/S-210908_W_102_D_165_0001.wav,gunshot,val
gunshot/S-210930_W_102_D_334_0001.wav,gunshot,val
gunshot/S-211104_W_101_D_087_0001.wav,gunshot,val
gunshot/S-210908_W_102_D_492_0001.wav,gunshot,val
gunshot/S-210916_W_102_D_565_0001.wav,gunshot,val
gunshot/S-210930_W_102_D_011_0001.wav,gunshot,val
gunshot/S-211104_W_101_D_094_0001.wav,gunshot,val
gunshot/S-210930_W_102_D_621_0001.wav,gunshot,val
gunshot/S-210908_W_102_D_136_0001.wav,gunshot,val
gunshot/S-211023_W_102_D_018_0001.wav,gunshot,val
gunshot/S-210908_W_102_D_317_0001.wav,gunshot,val
gunshot/S-210930_W_102_D_373_0001.wav,gunshot,val
gunshot/S-211216_W_101_D_004_0001.wav,gunshot,val
gunshot/S-210930_W_102_D_734_0001.wav,gunshot,val
gunshot/S-210930_W_102_D_655_0001.wav,gunshot,val
gunshot/S-210930_W_102_D_591_0001.wav,gunshot,val
gunshot/S-210908_W_102_D_616_0001.wav,gunshot,val
gunshot/S-210930_W_102_D_454_0001.wav,gunshot,val
gunshot/S-210916_W_102_D_665_0001.wav,gunshot,val
gunshot/S-210908_W_102_D_296_0001.wav,gunshot,val
gunshot/S-210930_W_102_D_010_0001.wav,gunshot,val
gunshot/S-210916_W_102_D_638_0001.wav,gunshot,val
gunshot/S-210908_W_102_D_368_0001.wav,gunshot,val
gunshot/S-210908_W_102_D_238_0001.wav,gunshot,val
gunshot/S-210916_W_102_D_056_0001.wav,gunshot,val
gunshot/S-211104_W_101_D_182_0001.wav,gunshot,val
gunshot/S-211104_W_101_D_245_0001.wav,gunshot,val
gunshot/S-210908_W_102_D_204_0001.wav,gunshot,val
gunshot/S-210930_W_102_D_331_0001.wav,gunshot,val
gunshot/S-210930_W_102_D_366_0001.wav,gunshot,test
gunshot/S-210916_W_102_D_861_0001.wav,gunshot,test
gunshot/S-210930_W_102_D_722_0001.wav,gunshot,test
gunshot/S-210916_W_102_D_542_0001.wav,gunshot,test
gunshot/S-210908_W_102_D_071_0001.wav,gunshot,test
gunshot/S-210930_W_102_D_314_0001.wav,gunshot,test
gunshot/S-210930_W_102_D_032_0001.wav,gunshot,test
gunshot/S-210908_W_102_D_049_0001.wav,gunshot,test
gunshot/S-210908_W_102_D_228_0001.wav,gunshot,test
gunshot/S-210908_W_102_D_524_0001.wav,gunshot,test
gunshot/S-210908_W_102_D_266_0001.wav,gunshot,test
gunshot/S-210930_W_102_D_219_0001.wav,gunshot,test
gunshot/S-210908_W_102_D_299_0001.wav,gunshot,test
gunshot/S-210916_W_102_D_413_0001.wav,gunshot,test
gunshot/S-210908_W_102_D_661_0001.wav,gunshot,test
gunshot/S-210930_W_102_D_476_0001.wav,gunshot,test
gunshot/S-210908_W_102_D_132_0001.wav,gunshot,test
gunshot/S-210908_W_102_D_633_0001.wav,gunshot,test
gunshot/S-210930_W_102_D_141_0001.wav,gunshot,test
gunshot/S-210930_W_102_D_496_0001.wav,gunshot,test
gunshot/S-210930_W_102_D_371_0001.wav,gunshot,test
gunshot/S-210930_W_102_D_352_0001.wav,gunshot,test
gunshot/S-210930_W_102_D_319_0001.wav,gunshot,test
gunshot/S-210908_W_102_D_529_0001.wav,gunshot,test
gunshot/S-210908_W_102_D_652_0001.wav,gunshot,test
gunshot/S-210916_W_102_D_140_0001.wav,gunshot,test
gunshot/S-210916_W_102_D_180_0001.wav,gunshot,test
gunshot/S-210916_W_102_D_722_0001.wav,gunshot,test
gunshot/S-211104_W_101_D_076_0001.wav,gunshot,test
gunshot/S-210916_W_102_D_283_0001.wav,gunshot,test
gunshot/S-210930_W_102_D_253_0001.wav,gunshot,test
gunshot/S-210908_W_102_D_100_0001.wav,gunshot,test
gunshot/S-210908_W_102_D_251_0001.wav,gunshot,test
gunshot/S-210908_W_102_D_378_0001.wav,gunshot,test
gunshot/S-210930_W_102_D_730_0001.wav,gunshot,test
gunshot/S-211103_W_101_D_105_0001.wav,gunshot,test
gunshot/S-210908_W_102_D_392_0001.wav,gunshot,test
gunshot/S-211103_W_101_D_002_0001.wav,gunshot,test
gunshot/S-210930_W_102_D_313_0001.wav,gunshot,test
gunshot/S-210916_W_102_D_340_0001.wav,gunshot,test
gunshot/S-210908_W_102_D_353_0001.wav,gunshot,test
gunshot/S-210908_W_102_D_087_0001.wav,gunshot,test
gunshot/S-211023_W_102_D_016_0001.wav,gunshot,test
gunshot/S-211023_W_102_D_017_0001.wav,gunshot,test
gunshot/S-210916_W_102_D_498_0001.wav,gunshot,test
gunshot/S-210930_W_102_D_714_0001.wav,gunshot,test
gunshot/S-211103_W_101_D_089_0001.wav,gunshot,test
gunshot/S-210930_W_102_D_091_0001.wav,gunshot,test
gunshot/S-210930_W_102_D_009_0001.wav,gunshot,test
gunshot/S-210930_W_102_D_465_0001.wav,gunshot,test
gunshot/S-210916_W_102_D_047_0001.wav,gunshot,test
gunshot/S-210916_W_102_D_711_0001.wav,gunshot,test
gunshot/S-210930_W_102_D_490_0001.wav,gunshot,test
gunshot/S-210908_W_102_D_466_0001.wav,gunshot,test
gunshot/S-211024_W_101_D_077_0001.wav,gunshot,test
gunshot/S-210930_W_102_D_653_0001.wav,gunshot,test
gunshot/S-210908_W_102_D_268_0001.wav,gunshot,test
gunshot/S-210916_W_102_D_604_0001.wav,gunshot,test
gunshot/S-210930_W_102_D_535_0001.wav,gunshot,test
gunshot/S-210908_W_102_D_531_0001.wav,gunshot,test
gunshot/S-211104_W_101_D_150_0001.wav,gunshot,test
gunshot/S-210908_W_102_D_305_0001.wav,gunshot,test
gunshot/S-210916_W_102_D_208_0001.wav,gunshot,test
gunshot/S-210916_W_102_D_545_0001.wav,gunshot,test
gunshot/S-210916_W_102_D_171_0001.wav,gunshot,test
gunshot/S-210908_W_102_D_390_0001.wav,gunshot,test
gunshot/S-211104_W_101_D_056_0001.wav,gunshot,test
gunshot/S-210930_W_102_D_093_0001.wav,gunshot,test
gunshot/S-210930_W_102_D_003_0001.wav,gunshot,test
gunshot/S-210930_W_102_D_483_0001.wav,gunshot,test
gunshot/S-210908_W_102_D_295_0001.wav,gunshot,test
gunshot/S-210916_W_102_D_238_0001.wav,gunshot,test
gunshot/S-210930_W_102_D_316_0001.wav,gunshot,test
gunshot/S-211103_W_101_D_080_0001.wav,gunshot,test
gunshot/S-210916_W_102_D_870_0001.wav,gunshot,test
gunshot/S-210916_W_102_D_268_0001.wav,gunshot,test
gunshot/S-210908_W_102_D_082_0001.wav,gunshot,test
gunshot/S-210930_W_102_D_479_0001.wav,gunshot,test
gunshot/S-210916_W_102_D_169_0001.wav,gunshot,test
gunshot/S-210930_W_102_D_008_0001.wav,gunshot,test
gunshot/S-210930_W_102_D_720_0001.wav,gunshot,test
gunshot/S-210916_W_102_D_518_0001.wav,gunshot,test
gunshot/S-210908_W_102_D_532_0001.wav,gunshot,test
gunshot/S-210916_W_102_D_063_0001.wav,gunshot,test
gunshot/S-210916_W_102_D_517_0001.wav,gunshot,test
gunshot/S-210908_W_102_D_135_0001.wav,gunshot,test
gunshot/S-210908_W_102_D_060_0001.wav,gunshot,test
gunshot/S-211216_W_101_D_016_0001.wav,gunshot,test
gunshot/S-210930_W_102_D_648_0001.wav,gunshot,test
gunshot/S-210916_W_102_D_709_0001.wav,gunshot,test
gunshot/S-210930_W_102_D_658_0001.wav,gunshot,test
gunshot/S-210930_W_102_D_712_0001.wav,gunshot,test
gunshot/S-210908_W_102_D_265_0001.wav,gunshot,test
gunshot/S-211024_W_101_D_041_0001.wav,gunshot,test
gunshot/S-210916_W_102_D_743_0001.wav,gunshot,test
gunshot/S-210908_W_102_D_255_0001.wav,gunshot,test
gunshot/S-210930_W_102_D_422_0001.wav,gunshot,test
gunshot/S-211104_W_101_D_085_0001.wav,gunshot,test
gunshot/S-210908_W_102_D_459_0001.wav,gunshot,test
gunshot/S-211104_W_101_D_022_0001.wav,gunshot,test
gunshot/S-210908_W_102_D_233_0001.wav,gunshot,test
gunshot/S-210908_W_102_D_446_0001.wav,gunshot,test
gunshot/S-210930_W_102_D_615_0001.wav,gunshot,test
gunshot/S-211109_W_102_D_060_0001.wav,gunshot,test
gunshot/S-210916_W_102_D_516_0001.wav,gunshot,test
gunshot/S-210908_W_102_D_458_0001.wav,gunshot,test
gunshot/S-210908_W_102_D_569_0001.wav,gunshot,test
gunshot/S-210908_W_102_D_355_0001.wav,gunshot,test
gunshot/S-210930_W_102_D_329_0001.wav,gunshot,test
gunshot/S-210916_W_102_D_677_0001.wav,gunshot,test
gunshot/S-210930_W_102_D_110_0001.wav,gunshot,test
gunshot/S-210908_W_102_D_096_0001.wav,gunshot,test
gunshot/S-210916_W_102_D_080_0001.wav,gunshot,test
gunshot/S-210916_W_102_D_487_0001.wav,gunshot,test
gunshot/S-210916_W_102_D_191_0001.wav,gunshot,test
gunshot/S-210916_W_102_D_144_0001.wav,gunshot,test
gunshot/S-210916_W_102_D_629_0001.wav,gunshot,test
gunshot/S-210916_W_102_D_381_0001.wav,gunshot,test
gunshot/S-210908_W_102_D_083_0001.wav,gunshot,test
gunshot/S-210908_W_102_D_301_0001.wav,gunshot,test
gunshot/S-210930_W_102_D_445_0001.wav,gunshot,test
gunshot/S-211104_W_101_D_037_0001.wav,gunshot,test
gunshot/S-210908_W_102_D_091_0001.wav,gunshot,test
gunshot/S-210908_W_102_D_300_0001.wav,gunshot,test
gunshot/S-210908_W_102_D_271_0001.wav,gunshot,test
gunshot/S-210908_W_102_D_348_0001.wav,gunshot,test
gunshot/S-210908_W_102_D_564_0001.wav,gunshot,test
gunshot/S-210908_W_102_D_648_0001.wav,gunshot,test
gunshot/S-210930_W_102_D_521_0001.wav,gunshot,test
gunshot/S-211023_W_102_D_012_0001.wav,gunshot,test
gunshot/S-210908_W_102_D_263_0001.wav,gunshot,test
gunshot/S-211104_W_101_D_017_0001.wav,gunshot,test
gunshot/S-210930_W_102_D_518_0001.wav,gunshot,test
gunshot/S-210930_W_102_D_498_0001.wav,gunshot,test
gunshot/S-210908_W_102_D_040_0001.wav,gunshot,test
gunshot/S-210916_W_102_D_250_0001.wav,gunshot,test
gunshot/S-210908_W_102_D_245_0001.wav,gunshot,test
gunshot/S-210916_W_102_D_623_0001.wav,gunshot,test
gunshot/S-210916_W_102_D_574_0001.wav,gunshot,test
gunshot/S-210908_W_102_D_164_0001.wav,gunshot,test
gunshot/S-210908_W_102_D_512_0001.wav,gunshot,test
gunshot/S-210908_W_102_D_322_0001.wav,gunshot,test
gunshot/S-211024_W_101_D_015_0001.wav,gunshot,test
gunshot/S-210916_W_102_D_126_0001.wav,gunshot,test
gunshot/S-211104_W_101_D_274_0001.wav,gunshot,test
gunshot/S-210916_W_102_D_354_0001.wav,gunshot,test
gunshot/S-210916_W_102_D_209_0001.wav,gunshot,test
gunshot/S-210908_W_102_D_549_0001.wav,gunshot,test
gunshot/S-210916_W_102_D_254_0001.wav,gunshot,test
gunshot/S-210916_W_102_D_316_0001.wav,gunshot,test
gunshot/S-210908_W_102_D_170_0001.wav,gunshot,test
gunshot/S-210930_W_102_D_634_0001.wav,gunshot,test
gunshot/S-210930_W_102_D_754_0001.wav,gunshot,test
gunshot/S-210908_W_102_D_205_0001.wav,gunshot,test
gunshot/S-210930_W_102_D_227_0001.wav,gunshot,test
gunshot/S-210916_W_102_D_800_0001.wav,gunshot,test
gunshot/S-210916_W_102_D_111_0001.wav,gunshot,test
gunshot/S-210908_W_102_D_125_0001.wav,gunshot,test
gunshot/S-210908_W_102_D_108_0001.wav,gunshot,test
gunshot/S-210908_W_102_D_559_0001.wav,gunshot,test
gunshot/S-210908_W_102_D_173_0001.wav,gunshot,test
gunshot/S-210908_W_102_D_101_0001.wav,gunshot,test
gunshot/S-210916_W_102_D_708_0001.wav,gunshot,test
gunshot/S-210916_W_102_D_142_0001.wav,gunshot,test
gunshot/S-210930_W_102_D_697_0001.wav,gunshot,test
gunshot/S-210930_W_102_D_494_0001.wav,gunshot,test
gunshot/S-211104_W_101_D_091_0001.wav,gunshot,test
gunshot/S-210908_W_102_D_660_0001.wav,gunshot,test
gunshot/S-210908_W_102_D_450_0001.wav,gunshot,test
gunshot/S-210908_W_102_D_443_0001.wav,gunshot,test
gunshot/S-210908_W_102_D_312_0001.wav,gunshot,test
gunshot/S-210916_W_102_D_393_0001.wav,gunshot,test
gunshot/S-210908_W_102_D_282_0001.wav,gunshot,test
gunshot/S-210908_W_102_D_248_0001.wav,gunshot,test
gunshot/S-211103_W_101_D_081_0001.wav,gunshot,test
gunshot/S-210908_W_102_D_161_0001.wav,gunshot,test
gunshot/S-211104_W_101_D_083_0001.wav,gunshot,test
gunshot/S-210930_W_102_D_179_0001.wav,gunshot,test
gunshot/S-210908_W_102_D_627_0001.wav,gunshot,test
gunshot/S-211104_W_101_D_052_0001.wav,gunshot,test
gunshot/S-210908_W_102_D_061_0001.wav,gunshot,test
gunshot/S-210916_W_102_D_138_0001.wav,gunshot,test
gunshot/S-210930_W_102_D_041_0001.wav,gunshot,test
gunshot/S-210908_W_102_D_292_0001.wav,gunshot,test
gunshot/S-211216_W_101_D_025_0001.wav,gunshot,test
gunshot/S-210916_W_102_D_688_0001.wav,gunshot,test
gunshot/S-210908_W_102_D_670_0001.wav,gunshot,test
gunshot/S-210908_W_102_D_448_0001.wav,gunshot,test
gunshot/S-210916_W_102_D_605_0001.wav,gunshot,test
gunshot/S-210908_W_102_D_085_0001.wav,gunshot,test
gunshot/S-210908_W_102_D_383_0001.wav,gunshot,test
gunshot/S-210908_W_102_D_341_0001.wav,gunshot,test
gunshot/S-211104_W_101_D_106_0001.wav,gunshot,test
gunshot/S-211104_W_101_D_020_0001.wav,gunshot,test
gunshot/S-210916_W_102_D_828_0001.wav,gunshot,test
gunshot/S-210930_W_102_D_049_0001.wav,gunshot,test
gunshot/S-210930_W_102_D_781_0001.wav,gunshot,test
gunshot/S-210930_W_102_D_161_0001.wav,gunshot,test
gunshot/S-210930_W_102_D_686_0001.wav,gunshot,test
gunshot/S-210916_W_102_D_339_0001.wav,gunshot,test
gunshot/S-210930_W_102_D_747_0001.wav,gunshot,test
gunshot/S-210916_W_102_D_611_0001.wav,gunshot,test
gunshot/S-210916_W_102_D_748_0001.wav,gunshot,test
gunshot/S-210908_W_102_D_054_0001.wav,gunshot,test
gunshot/S-210916_W_102_D_390_0001.wav,gunshot,test
gunshot/S-210916_W_102_D_562_0001.wav,gunshot,test
gunshot/S-211104_W_101_D_032_0001.wav,gunshot,test
gunshot/S-210908_W_102_D_175_0001.wav,gunshot,test
gunshot/S-210930_W_102_D_533_0001.wav,gunshot,test
gunshot/S-210908_W_102_D_597_0001.wav,gunshot,test
gunshot/S-210908_W_102_D_184_0001.wav,gunshot,test
gunshot/S-210908_W_102_D_508_0001.wav,gunshot,test
gunshot/S-210930_W_102_D_027_0001.wav,gunshot,test
gunshot/S-211103_W_101_D_013_0001.wav,gunshot,test
gunshot/S-210930_W_102_D_617_0001.wav,gunshot,test
gunshot/S-210916_W_102_D_479_0001.wav,gunshot,test
gunshot/S-211104_W_101_D_201_0001.wav,gunshot,test
gunshot/S-210908_W_102_D_142_0001.wav,gunshot,test
gunshot/S-210916_W_102_D_402_0001.wav,gunshot,test
gunshot/S-210916_W_102_D_347_0001.wav,gunshot,test
gunshot/S-210908_W_102_D_193_0001.wav,gunshot,test
gunshot/S-210908_W_102_D_294_0001.wav,gunshot,test
gunshot/S-210908_W_102_D_227_0001.wav,gunshot,test
gunshot/S-210930_W_102_D_038_0001.wav,gunshot,test
gunshot/S-211104_W_101_D_238_0001.wav,gunshot,test
gunshot/S-210908_W_102_D_465_0001.wav,gunshot,test
gunshot/S-210908_W_102_D_066_0001.wav,gunshot,test
gunshot/S-210930_W_102_D_652_0001.wav,gunshot,test
gunshot/S-210916_W_102_D_494_0001.wav,gunshot,test
gunshot/S-210916_W_102_D_619_0001.wav,gunshot,test
gunshot/S-210908_W_102_D_349_0001.wav,gunshot,test
gunshot/S-211104_W_101_D_060_0001.wav,gunshot,test
gunshot/S-210916_W_102_D_135_0001.wav,gunshot,test
gunshot/S-210916_W_102_D_006_0001.wav,gunshot,test
gunshot/S-210908_W_102_D_636_0001.wav,gunshot,test
gunshot/S-210930_W_102_D_685_0001.wav,gunshot,test
gunshot/S-210908_W_102_D_084_0001.wav,gunshot,test
gunshot/S-210930_W_102_D_529_0001.wav,gunshot,test
gunshot/S-210908_W_102_D_162_0001.wav,gunshot,test
gunshot/S-211104_W_101_D_162_0001.wav,gunshot,test
gunshot/S-210908_W_102_D_112_0001.wav,gunshot,test
gunshot/S-210916_W_102_D_811_0001.wav,gunshot,test
gunshot/S-211103_W_101_D_092_0001.wav,gunshot,test
gunshot/S-210908_W_102_D_274_0001.wav,gunshot,test
gunshot/S-210908_W_102_D_203_0001.wav,gunshot,test
gunshot/S-210930_W_102_D_594_0001.wav,gunshot,test
gunshot/S-210930_W_102_D_268_0001.wav,gunshot,test
gunshot/S-210908_W_102_D_665_0001.wav,gunshot,test
gunshot/S-210930_W_102_D_024_0001.wav,gunshot,test
gunshot/S-210908_W_102_D_261_0001.wav,gunshot,test
gunshot/S-210916_W_102_D_448_0001.wav,gunshot,test
scream/S-211027_H_303_C_002_0001.wav,scream,train
scream/S-211020_H_303_C_012_0001.wav,scream,train
scream/S-211020_H_303_C_022_0001.wav,scream,train
scream/S-211107_H_303_C_024_0001.wav,scream,train
scream/S-211109_H_303_C_004_0001.wav,scream,train
scream/S-211109_H_303_C_003_0001.wav,scream,train
scream/S-211104_H_303_C_001_0001.wav,scream,train
scream/S-211020_H_303_C_015_0001.wav,scream,train
scream/S-211027_H_303_C_011_0001.wav,scream,train
scream/S-211020_H_303_C_010_0001.wav,scream,train
scream/S-211027_H_303_C_010_0001.wav,scream,train
scream/S-211020_H_303_C_008_0001.wav,scream,train
scream/S-211023_H_303_C_003_0001.wav,scream,train
scream/S-211104_H_303_C_002_0001.wav,scream,train
scream/S-211019_H_303_C_009_0001.wav,scream,train
scream/S-211107_H_303_C_025_0001.wav,scream,train
scream/S-211023_H_303_C_001_0001.wav,scream,train
scream/S-211026_H_303_C_001_0001.wav,scream,train
scream/S-211106_H_303_C_008_0001.wav,scream,train
scream/S-211107_H_303_C_003_0001.wav,scream,train
scream/S-211020_H_303_C_013_0001.wav,scream,train
scream/S-211020_H_303_C_014_0001.wav,scream,train
scream/S-211027_H_303_C_006_0001.wav,scream,train
scream/S-211107_H_303_C_001_0001.wav,scream,train
scream/S-211107_H_303_C_008_0001.wav,scream,train
scream/S-211020_H_303_C_020_0001.wav,scream,train
scream/S-211019_H_303_C_010_0001.wav,scream,train
scream/S-211107_H_303_C_031_0001.wav,scream,train
scream/S-211107_H_303_C_023_0001.wav,scream,train
scream/S-211020_H_303_C_006_0001.wav,scream,train
scream/S-211107_H_303_C_020_0001.wav,scream,train
scream/S-211020_H_303_C_023_0001.wav,scream,train
scream/S-211020_H_303_C_017_0001.wav,scream,train
scream/S-211107_H_303_C_016_0001.wav,scream,train
scream/S-211022_H_303_C_020_0001.wav,scream,train
scream/S-211020_H_303_C_019_0001.wav,scream,train
scream/S-211027_H_303_C_003_0001.wav,scream,train
scream/S-211107_H_303_C_030_0001.wav,scream,train
scream/S-211027_H_303_C_005_0001.wav,scream,train
scream/S-211027_H_303_C_007_0001.wav,scream,train
scream/S-211107_H_303_C_015_0001.wav,scream,train
scream/S-211026_H_303_C_002_0001.wav,scream,train
scream/S-211106_H_303_C_002_0001.wav,scream,train
scream/S-211020_H_303_C_025_0001.wav,scream,train
scream/S-211020_H_303_C_004_0001.wav,scream,train
scream/S-211107_H_303_C_021_0001.wav,scream,train
scream/S-211107_H_303_C_029_0001.wav,scream,train
scream/S-211107_H_303_C_018_0001.wav,scream,train
scream/S-211106_H_303_C_003_0001.wav,scream,train
scream/S-211109_H_303_C_001_0001.wav,scream,train
scream/S-211106_H_303_C_004_0001.wav,scream,train
scream/S-211027_H_303_C_009_0001.wav,scream,train
scream/S-211107_H_303_C_026_0001.wav,scream,train
scream/S-211107_H_303_C_035_0001.wav,scream,train
scream/S-211106_H_303_C_001_0001.wav,scream,train
scream/S-211107_H_303_C_028_0001.wav,scream,train
scream/S-211020_H_303_C_018_0001.wav,scream,train
scream/S-211023_H_303_C_004_0001.wav,scream,train
scream/S-211107_H_303_C_032_0001.wav,scream,train
scream/S-211109_H_303_C_005_0001.wav,scream,train
scream/S-211107_H_303_C_007_0001.wav,scream,train
scream/S-211107_H_303_C_013_0001.wav,scream,train
scream/S-211027_H_303_C_008_0001.wav,scream,train
scream/S-211107_H_303_C_011_0001.wav,scream,train
scream/S-211027_H_303_C_001_0001.wav,scream,train
scream/S-211020_H_303_C_011_0001.wav,scream,val
scream/S-211107_H_303_C_010_0001.wav,scream,val
scream/S-211107_H_303_C_022_0001.wav,scream,val
scream/S-211107_H_303_C_034_0001.wav,scream,val
scream/S-211107_H_303_C_009_0001.wav,scream,val
scream/S-211024_H_303_C_002_0001.wav,scream,val
scream/S-211107_H_303_C_033_0001.wav,scream,val
scream/S-211106_H_303_C_009_0001.wav,scream,val
scream/S-211107_H_303_C_012_0001.wav,scream,val
scream/S-211020_H_303_C_005_0001.wav,scream,val
scream/S-211020_H_303_C_007_0001.wav,scream,val
scream/S-211020_H_303_C_001_0001.wav,scream,val
scream/S-211106_H_303_C_005_0001.wav,scream,val
scream/S-211101_H_303_C_002_0001.wav,scream,val
scream/S-211020_H_303_C_009_0001.wav,scream,test
scream/S-211107_H_303_C_017_0001.wav,scream,test
scream/S-211105_H_303_C_001_0001.wav,scream,test
scream/S-211106_H_303_C_007_0001.wav,scream,test
scream/S-211107_H_303_C_027_0001.wav,scream,test
scream/S-211106_H_303_C_006_0001.wav,scream,test
scream/S-211020_H_303_C_021_0001.wav,scream,test
scream/S-211109_H_303_C_002_0001.wav,scream,test
scream/S-211107_H_303_C_019_0001.wav,scream,test
scream/S-211022_H_303_C_014_0001.wav,scream,test
scream/S-211027_H_303_C_012_0001.wav,scream,test
scream/S-211020_H_303_C_024_0001.wav,scream,test
scream/S-211107_H_303_C_002_0001.wav,scream,test
scream/S-211020_H_303_C_016_0001.wav,scream,test
scream/S-211107_H_303_C_014_0001.wav,scream,test
siren/archive__danger_alarm__1_danger_alarm_497.wav,siren,train
siren/archive__danger_alarm__1_danger_alarm_485.wav,siren,train
siren/archive__danger_alarm__1_danger_alarm_191.wav,siren,train
siren/archive__danger_alarm__1_danger_alarm_313.wav,siren,train
siren/S-211106_S_101_C_001_0001.wav,siren,train
siren/S-211103_S_102_C_221_0001.wav,siren,train
siren/S-211014_S_103_C_249_0001.wav,siren,train
siren/archive__danger_alarm__1_danger_alarm_363.wav,siren,train
siren/S-211014_S_103_C_363_0001.wav,siren,train
siren/archive__danger_alarm__1_danger_alarm_222.wav,siren,train
siren/archive__danger_alarm__1_danger_alarm_373.wav,siren,train
siren/S-211107_S_103_C_013_0001.wav,siren,train
siren/archive__danger_alarm__1_danger_alarm_137.wav,siren,train
siren/archive__danger_alarm__1_danger_alarm_439.wav,siren,train
siren/S-211103_S_102_C_222_0001.wav,siren,train
siren/archive__danger_alarm__1_danger_alarm_321.wav,siren,train
siren/archive__danger_alarm__1_danger_alarm_337.wav,siren,train
siren/archive__danger_alarm__1_danger_alarm_201.wav,siren,train
siren/S-211015_S_103_C_001_0001.wav,siren,train
siren/S-211014_S_103_C_233_0001.wav,siren,train
siren/archive__danger_alarm__1_danger_alarm_21.wav,siren,train
siren/archive__danger_alarm__1_danger_alarm_277.wav,siren,train
siren/archive__danger_alarm__1_danger_alarm_310.wav,siren,train
siren/archive__danger_alarm__1_danger_alarm_61.wav,siren,train
siren/S-211024_S_101_C_060_0001.wav,siren,train
siren/S-211014_S_103_C_197_0001.wav,siren,train
siren/S-211026_S_101_C_004_0001.wav,siren,train
siren/S-211024_S_101_C_241_0001.wav,siren,train
siren/S-211103_S_102_C_264_0001.wav,siren,train
siren/archive__danger_alarm__1_danger_alarm_336.wav,siren,train
siren/archive__danger_alarm__1_danger_alarm_216.wav,siren,train
siren/S-211103_S_102_C_207_0001.wav,siren,train
siren/archive__danger_alarm__1_danger_alarm_435.wav,siren,train
siren/S-211124_S_101_L_007_0001.wav,siren,train
siren/archive__danger_alarm__1_danger_alarm_290.wav,siren,train
siren/archive__danger_alarm__1_danger_alarm_517.wav,siren,train
siren/S-211014_S_103_C_243_0001.wav,siren,train
siren/archive__danger_alarm__1_danger_alarm_525.wav,siren,train
siren/S-211014_S_103_C_130_0001.wav,siren,train
siren/archive__danger_alarm__1_danger_alarm_14.wav,siren,train
siren/S-211103_S_102_C_194_0001.wav,siren,train
siren/archive__danger_alarm__1_danger_alarm_514.wav,siren,train
siren/archive__danger_alarm__1_danger_alarm_284.wav,siren,train
siren/S-211014_S_103_C_232_0001.wav,siren,train
siren/S-211111_S_101_C_001_0001.wav,siren,train
siren/archive__danger_alarm__1_danger_alarm_456.wav,siren,train
siren/archive__danger_alarm__1_danger_alarm_239.wav,siren,train
siren/archive__danger_alarm__1_danger_alarm_229.wav,siren,train
siren/S-211024_S_101_C_120_0001.wav,siren,train
siren/archive__danger_alarm__1_danger_alarm_207.wav,siren,train
siren/S-211103_S_102_C_123_0001.wav,siren,train
siren/S-211014_S_103_C_196_0001.wav,siren,train
siren/S-211014_S_103_C_147_0001.wav,siren,train
siren/archive__danger_alarm__1_danger_alarm_228.wav,siren,train
siren/S-211104_S_103_C_007_0001.wav,siren,train
siren/S-211014_S_103_C_146_0001.wav,siren,train
siren/archive__danger_alarm__1_danger_alarm_462.wav,siren,train
siren/S-211024_S_101_C_259_0001.wav,siren,train
siren/S-211107_S_103_C_014_0001.wav,siren,train
siren/archive__danger_alarm__1_danger_alarm_442.wav,siren,train
siren/archive__danger_alarm__1_danger_alarm_490.wav,siren,train
siren/archive__danger_alarm__1_danger_alarm_482.wav,siren,train
siren/archive__danger_alarm__1_danger_alarm_585.wav,siren,train
siren/archive__danger_alarm__1_danger_alarm_17.wav,siren,train
siren/archive__danger_alarm__1_danger_alarm_117.wav,siren,train
siren/S-211107_S_102_C_031_0001.wav,siren,train
siren/archive__danger_alarm__1_danger_alarm_488.wav,siren,train
siren/archive__danger_alarm__1_danger_alarm_507.wav,siren,train
siren/archive__danger_alarm__1_danger_alarm_236.wav,siren,train
siren/archive__danger_alarm__1_danger_alarm_165.wav,siren,train
siren/S-211107_S_103_C_035_0001.wav,siren,train
siren/archive__danger_alarm__1_danger_alarm_318.wav,siren,train
siren/S-211014_S_103_C_133_0001.wav,siren,train
siren/S-211103_S_102_C_252_0001.wav,siren,train
siren/archive__danger_alarm__1_danger_alarm_561.wav,siren,train
siren/archive__danger_alarm__1_danger_alarm_171.wav,siren,train
siren/archive__danger_alarm__1_danger_alarm_577.wav,siren,train
siren/archive__danger_alarm__1_danger_alarm_134.wav,siren,train
siren/archive__danger_alarm__1_danger_alarm_68.wav,siren,train
siren/S-211024_S_101_C_310_0001.wav,siren,train
siren/archive__danger_alarm__1_danger_alarm_541.wav,siren,train
siren/archive__danger_alarm__1_danger_alarm_411.wav,siren,train
siren/S-211127_S_102_C_024_0001.wav,siren,train
siren/archive__danger_alarm__1_danger_alarm_307.wav,siren,train
siren/archive__danger_alarm__1_danger_alarm_245.wav,siren,train
siren/S-211113_S_103_C_006_0001.wav,siren,train
siren/archive__danger_alarm__1_danger_alarm_2.wav,siren,train
siren/archive__danger_alarm__1_danger_alarm_423.wav,siren,train
siren/S-211103_S_102_C_130_0001.wav,siren,train
siren/S-211014_S_103_C_141_0001.wav,siren,train
siren/S-211103_S_102_C_217_0001.wav,siren,train
siren/S-211103_S_102_C_134_0001.wav,siren,train
siren/archive__danger_alarm__1_danger_alarm_124.wav,siren,train
siren/S-211103_S_102_C_284_0001.wav,siren,train
siren/S-211107_S_102_C_026_0001.wav,siren,train
siren/archive__danger_alarm__1_danger_alarm_98.wav,siren,train
siren/archive__danger_alarm__1_danger_alarm_144.wav,siren,train
siren/archive__danger_alarm__1_danger_alarm_546.wav,siren,train
siren/archive__danger_alarm__1_danger_alarm_1.wav,siren,train
siren/S-211014_S_103_C_279_0001.wav,siren,train
siren/S-211127_S_102_C_064_0001.wav,siren,train
siren/S-211103_S_102_C_188_0001.wav,siren,train
siren/archive__danger_alarm__1_danger_alarm_70.wav,siren,train
siren/archive__danger_alarm__1_danger_alarm_187.wav,siren,train
siren/archive__danger_alarm__1_danger_alarm_254.wav,siren,train
siren/archive__danger_alarm__1_danger_alarm_76.wav,siren,train
siren/archive__danger_alarm__1_danger_alarm_155.wav,siren,train
siren/archive__danger_alarm__1_danger_alarm_100.wav,siren,train
siren/S-211103_S_102_C_185_0001.wav,siren,train
siren/S-211106_S_103_C_007_0001.wav,siren,train
siren/archive__danger_alarm__1_danger_alarm_330.wav,siren,train
siren/archive__danger_alarm__1_danger_alarm_599.wav,siren,train
siren/archive__danger_alarm__1_danger_alarm_177.wav,siren,train
siren/S-211014_S_103_C_254_0001.wav,siren,train
siren/archive__danger_alarm__1_danger_alarm_392.wav,siren,train
siren/archive__danger_alarm__1_danger_alarm_231.wav,siren,train
siren/archive__danger_alarm__1_danger_alarm_294.wav,siren,train
siren/archive__danger_alarm__1_danger_alarm_291.wav,siren,train
siren/S-211014_S_103_C_259_0001.wav,siren,train
siren/S-211024_S_101_C_172_0001.wav,siren,train
siren/archive__danger_alarm__1_danger_alarm_457.wav,siren,train
siren/S-211024_S_101_C_105_0001.wav,siren,train
siren/S-211126_S_102_C_045_0001.wav,siren,train
siren/S-211103_S_102_C_127_0001.wav,siren,train
siren/S-211107_S_103_C_008_0001.wav,siren,train
siren/archive__danger_alarm__1_danger_alarm_388.wav,siren,train
siren/archive__danger_alarm__1_danger_alarm_63.wav,siren,train
siren/archive__danger_alarm__1_danger_alarm_300.wav,siren,train
siren/archive__danger_alarm__1_danger_alarm_276.wav,siren,train
siren/S-211014_S_103_C_358_0001.wav,siren,train
siren/archive__danger_alarm__1_danger_alarm_273.wav,siren,train
siren/S-211103_S_103_D_008_0001.wav,siren,train
siren/archive__danger_alarm__1_danger_alarm_544.wav,siren,train
siren/S-211103_S_102_C_183_0001.wav,siren,train
siren/S-211103_S_102_C_158_0001.wav,siren,train
siren/S-211115_S_101_C_022_0001.wav,siren,train
siren/S-211014_S_103_C_231_0001.wav,siren,train
siren/archive__danger_alarm__1_danger_alarm_461.wav,siren,train
siren/archive__danger_alarm__1_danger_alarm_583.wav,siren,train
siren/archive__danger_alarm__1_danger_alarm_299.wav,siren,train
siren/S-211110_S_101_C_002_0001.wav,siren,train
siren/S-211024_S_101_C_244_0001.wav,siren,train
siren/archive__danger_alarm__1_danger_alarm_371.wav,siren,train
siren/S-211103_S_102_C_126_0001.wav,siren,train
siren/archive__danger_alarm__1_danger_alarm_366.wav,siren,train
siren/S-211103_S_102_C_298_0001.wav,siren,train
siren/S-211124_S_102_L_003_0001.wav,siren,train
siren/archive__danger_alarm__1_danger_alarm_192.wav,siren,train
siren/S-211110_S_101_C_003_0001.wav,siren,train
siren/S-211107_S_103_C_016_0001.wav,siren,train
siren/archive__danger_alarm__1_danger_alarm_176.wav,siren,train
siren/archive__danger_alarm__1_danger_alarm_264.wav,siren,train
siren/archive__danger_alarm__1_danger_alarm_453.wav,siren,train
siren/S-211110_S_101_C_001_0001.wav,siren,train
siren/archive__danger_alarm__1_danger_alarm_346.wav,siren,train
siren/S-211113_S_103_D_012_0001.wav,siren,train
siren/archive__danger_alarm__1_danger_alarm_489.wav,siren,train
siren/archive__danger_alarm__1_danger_alarm_141.wav,siren,train
siren/S-211014_S_103_C_364_0001.wav,siren,train
siren/archive__danger_alarm__1_danger_alarm_463.wav,siren,train
siren/S-211115_S_101_C_006_0001.wav,siren,train
siren/S-211103_S_102_C_261_0001.wav,siren,train
siren/archive__danger_alarm__1_danger_alarm_481.wav,siren,train
siren/S-211103_S_102_C_255_0001.wav,siren,train
siren/S-211106_S_103_C_018_0001.wav,siren,train
siren/archive__danger_alarm__1_danger_alarm_357.wav,siren,train
siren/S-211103_S_103_C_001_0001.wav,siren,train
siren/archive__danger_alarm__1_danger_alarm_395.wav,siren,train
siren/archive__danger_alarm__1_danger_alarm_194.wav,siren,train
siren/S-211113_S_103_D_017_0001.wav,siren,train
siren/archive__danger_alarm__1_danger_alarm_325.wav,siren,train
siren/archive__danger_alarm__1_danger_alarm_345.wav,siren,train
siren/archive__danger_alarm__1_danger_alarm_311.wav,siren,train
siren/archive__danger_alarm__1_danger_alarm_288.wav,siren,train
siren/archive__danger_alarm__1_danger_alarm_331.wav,siren,train
siren/archive__danger_alarm__1_danger_alarm_316.wav,siren,train
siren/archive__danger_alarm__1_danger_alarm_539.wav,siren,train
siren/archive__danger_alarm__1_danger_alarm_553.wav,siren,train
siren/S-211103_S_102_C_265_0001.wav,siren,train
siren/S-211026_S_101_C_002_0001.wav,siren,train
siren/S-211014_S_103_C_247_0001.wav,siren,train
siren/archive__danger_alarm__1_danger_alarm_285.wav,siren,train
siren/archive__danger_alarm__1_danger_alarm_597.wav,siren,train
siren/S-211014_S_103_C_200_0001.wav,siren,train
siren/archive__danger_alarm__1_danger_alarm_116.wav,siren,train
siren/archive__danger_alarm__1_danger_alarm_101.wav,siren,train
siren/S-211014_S_103_C_284_0001.wav,siren,train
siren/archive__danger_alarm__1_danger_alarm_483.wav,siren,train
siren/archive__danger_alarm__1_danger_alarm_425.wav,siren,train
siren/S-211103_S_102_C_213_0001.wav,siren,train
siren/S-211103_S_102_C_212_0001.wav,siren,train
siren/S-211124_S_101_L_005_0001.wav,siren,train
siren/S-211115_S_101_C_014_0001.wav,siren,train
siren/archive__danger_alarm__1_danger_alarm_57.wav,siren,train
siren/S-211024_S_101_C_047_0001.wav,siren,train
siren/S-211127_S_102_C_016_0001.wav,siren,train
siren/archive__danger_alarm__1_danger_alarm_197.wav,siren,train
siren/archive__danger_alarm__1_danger_alarm_406.wav,siren,train
siren/archive__danger_alarm__1_danger_alarm_256.wav,siren,train
siren/archive__danger_alarm__1_danger_alarm_552.wav,siren,train
siren/S-211024_S_101_C_284_0001.wav,siren,train
siren/S-211127_S_102_C_015_0001.wav,siren,train
siren/archive__danger_alarm__1_danger_alarm_502.wav,siren,train
siren/archive__danger_alarm__1_danger_alarm_274.wav,siren,train
siren/S-211024_S_101_C_291_0001.wav,siren,train
siren/archive__danger_alarm__1_danger_alarm_350.wav,siren,train
siren/S-211024_S_101_C_305_0001.wav,siren,train
siren/S-211024_S_101_C_232_0001.wav,siren,train
siren/S-211014_S_103_C_276_0001.wav,siren,train
siren/archive__danger_alarm__1_danger_alarm_503.wav,siren,train
siren/archive__danger_alarm__1_danger_alarm_513.wav,siren,train
siren/S-211127_S_102_C_063_0001.wav,siren,train
siren/archive__danger_alarm__1_danger_alarm_448.wav,siren,train
siren/S-211103_S_102_C_305_0001.wav,siren,train
siren/archive__danger_alarm__1_danger_alarm_11.wav,siren,train
siren/archive__danger_alarm__1_danger_alarm_472.wav,siren,train
siren/S-211024_S_101_C_289_0001.wav,siren,train
siren/S-211107_S_102_C_029_0001.wav,siren,train
siren/S-211014_S_103_C_125_0001.wav,siren,train
siren/S-211103_S_102_C_238_0001.wav,siren,train
siren/S-211014_S_103_C_272_0001.wav,siren,train
siren/S-211024_S_101_C_230_0001.wav,siren,train
siren/archive__danger_alarm__1_danger_alarm_272.wav,siren,train
siren/S-211014_S_103_C_274_0001.wav,siren,train
siren/S-211106_S_102_C_024_0001.wav,siren,train
siren/archive__danger_alarm__1_danger_alarm_440.wav,siren,train
siren/S-211103_S_102_C_145_0001.wav,siren,train
siren/archive__danger_alarm__1_danger_alarm_329.wav,siren,train
siren/S-211124_S_101_L_006_0001.wav,siren,train
siren/archive__danger_alarm__1_danger_alarm_498.wav,siren,train
siren/archive__danger_alarm__1_danger_alarm_163.wav,siren,train
siren/S-211126_S_102_C_047_0001.wav,siren,train
siren/S-211106_S_103_C_014_0001.wav,siren,train
siren/S-211106_S_103_C_010_0001.wav,siren,train
siren/archive__danger_alarm__1_danger_alarm_251.wav,siren,train
siren/archive__danger_alarm__1_danger_alarm_450.wav,siren,train
siren/S-211014_S_103_C_357_0001.wav,siren,train
siren/archive__danger_alarm__1_danger_alarm_314.wav,siren,train
siren/S-211024_S_101_C_108_0001.wav,siren,train
siren/archive__danger_alarm__1_danger_alarm_341.wav,siren,train
siren/archive__danger_alarm__1_danger_alarm_212.wav,siren,train
siren/archive__danger_alarm__1_danger_alarm_125.wav,siren,train
siren/archive__danger_alarm__1_danger_alarm_367.wav,siren,train
siren/archive__danger_alarm__1_danger_alarm_480.wav,siren,train
siren/archive__danger_alarm__1_danger_alarm_111.wav,siren,train
siren/archive__danger_alarm__1_danger_alarm_579.wav,siren,train
siren/archive__danger_alarm__1_danger_alarm_523.wav,siren,train
siren/S-211014_S_103_C_137_0001.wav,siren,train
siren/archive__danger_alarm__1_danger_alarm_328.wav,siren,train
siren/archive__danger_alarm__1_danger_alarm_301.wav,siren,train
siren/S-211103_S_102_C_291_0001.wav,siren,train
siren/archive__danger_alarm__1_danger_alarm_370.wav,siren,train
siren/S-211026_S_101_C_001_0001.wav,siren,train
siren/S-211014_S_103_C_198_0001.wav,siren,train
siren/S-211014_S_103_C_234_0001.wav,siren,train
siren/archive__danger_alarm__1_danger_alarm_23.wav,siren,train
siren/archive__danger_alarm__1_danger_alarm_545.wav,siren,train
siren/S-211014_S_103_C_253_0001.wav,siren,train
siren/archive__danger_alarm__1_danger_alarm_281.wav,siren,train
siren/archive__danger_alarm__1_danger_alarm_267.wav,siren,train
siren/S-211024_S_101_C_309_0001.wav,siren,train
siren/S-211103_S_102_C_154_0001.wav,siren,train
siren/archive__danger_alarm__1_danger_alarm_209.wav,siren,train
siren/archive__danger_alarm__1_danger_alarm_563.wav,siren,train
siren/archive__danger_alarm__1_danger_alarm_64.wav,siren,train
siren/archive__danger_alarm__1_danger_alarm_153.wav,siren,train
siren/archive__danger_alarm__1_danger_alarm_37.wav,siren,train
siren/archive__danger_alarm__1_danger_alarm_572.wav,siren,train
siren/S-211115_S_101_C_224_0001.wav,siren,train
siren/S-211127_S_102_C_008_0001.wav,siren,train
siren/archive__danger_alarm__1_danger_alarm_571.wav,siren,train
siren/S-211103_S_103_C_005_0001.wav,siren,train
siren/S-211024_S_101_C_252_0001.wav,siren,train
siren/S-211103_S_102_C_149_0001.wav,siren,train
siren/S-211014_S_103_C_287_0001.wav,siren,train
siren/S-211107_S_102_C_034_0001.wav,siren,train
siren/archive__danger_alarm__1_danger_alarm_398.wav,siren,train
siren/archive__danger_alarm__1_danger_alarm_397.wav,siren,train
siren/archive__danger_alarm__1_danger_alarm_522.wav,siren,train
siren/S-211014_S_103_C_129_0001.wav,siren,train
siren/archive__danger_alarm__1_danger_alarm_220.wav,siren,train
siren/archive__danger_alarm__1_danger_alarm_562.wav,siren,train
siren/archive__danger_alarm__1_danger_alarm_237.wav,siren,train
siren/S-211014_S_103_C_282_0001.wav,siren,train
siren/archive__danger_alarm__1_danger_alarm_99.wav,siren,train
siren/archive__danger_alarm__1_danger_alarm_208.wav,siren,train
siren/archive__danger_alarm__1_danger_alarm_205.wav,siren,train
siren/archive__danger_alarm__1_danger_alarm_570.wav,siren,train
siren/archive__danger_alarm__1_danger_alarm_426.wav,siren,train
siren/S-211124_S_101_L_009_0001.wav,siren,train
siren/archive__danger_alarm__1_danger_alarm_62.wav,siren,train
siren/S-211109_S_102_C_002_0001.wav,siren,train
siren/archive__danger_alarm__1_danger_alarm_537.wav,siren,train
siren/archive__danger_alarm__1_danger_alarm_74.wav,siren,train
siren/S-211103_S_102_C_165_0001.wav,siren,train
siren/archive__danger_alarm__1_danger_alarm_468.wav,siren,train
siren/archive__danger_alarm__1_danger_alarm_46.wav,siren,train
siren/archive__danger_alarm__1_danger_alarm_52.wav,siren,train
siren/S-211014_S_103_C_257_0001.wav,siren,train
siren/S-211127_S_102_C_023_0001.wav,siren,train
siren/archive__danger_alarm__1_danger_alarm_129.wav,siren,train
siren/archive__danger_alarm__1_danger_alarm_96.wav,siren,train
siren/S-211103_S_102_C_308_0001.wav,siren,train
siren/archive__danger_alarm__1_danger_alarm_188.wav,siren,train
siren/S-211103_S_102_C_116_0001.wav,siren,train
siren/S-211103_S_102_C_229_0001.wav,siren,train
siren/archive__danger_alarm__1_danger_alarm_387.wav,siren,train
siren/S-211014_S_103_C_248_0001.wav,siren,train
siren/archive__danger_alarm__1_danger_alarm_566.wav,siren,train
siren/archive__danger_alarm__1_danger_alarm_334.wav,siren,train
siren/archive__danger_alarm__1_danger_alarm_133.wav,siren,train
siren/archive__danger_alarm__1_danger_alarm_140.wav,siren,train
siren/archive__danger_alarm__1_danger_alarm_234.wav,siren,train
siren/S-211014_S_103_C_144_0001.wav,siren,train
siren/archive__danger_alarm__1_danger_alarm_282.wav,siren,train
siren/S-211024_S_101_C_076_0001.wav,siren,train
siren/archive__danger_alarm__1_danger_alarm_167.wav,siren,train
siren/S-210915_S_101_D_002_0001.wav,siren,train
siren/archive__danger_alarm__1_danger_alarm_587.wav,siren,train
siren/archive__danger_alarm__1_danger_alarm_565.wav,siren,train
siren/S-211107_S_103_C_024_0001.wav,siren,train
siren/S-211014_S_103_C_165_0001.wav,siren,train
siren/S-211103_S_102_C_205_0001.wav,siren,train
siren/archive__danger_alarm__1_danger_alarm_244.wav,siren,train
siren/archive__danger_alarm__1_danger_alarm_122.wav,siren,train
siren/S-211024_S_101_C_163_0001.wav,siren,train
siren/archive__danger_alarm__1_danger_alarm_379.wav,siren,train
siren/S-211113_S_103_C_007_0001.wav,siren,train
siren/archive__danger_alarm__1_danger_alarm_226.wav,siren,train
siren/archive__danger_alarm__1_danger_alarm_54.wav,siren,train
siren/archive__danger_alarm__1_danger_alarm_255.wav,siren,train
siren/archive__danger_alarm__1_danger_alarm_107.wav,siren,train
siren/archive__danger_alarm__1_danger_alarm_315.wav,siren,train
siren/S-211103_S_102_C_226_0001.wav,siren,train
siren/archive__danger_alarm__1_danger_alarm_467.wav,siren,train
siren/S-211014_S_103_C_273_0001.wav,siren,train
siren/S-211103_S_102_C_295_0001.wav,siren,train
siren/archive__danger_alarm__1_danger_alarm_106.wav,siren,train
siren/S-211103_S_102_C_178_0001.wav,siren,train
siren/archive__danger_alarm__1_danger_alarm_445.wav,siren,train
siren/archive__danger_alarm__1_danger_alarm_45.wav,siren,train
siren/archive__danger_alarm__1_danger_alarm_407.wav,siren,train
siren/archive__danger_alarm__1_danger_alarm_16.wav,siren,train
siren/archive__danger_alarm__1_danger_alarm_582.wav,siren,train
siren/archive__danger_alarm__1_danger_alarm_477.wav,siren,train
siren/S-211014_S_103_C_225_0001.wav,siren,train
siren/archive__danger_alarm__1_danger_alarm_26.wav,siren,train
siren/archive__danger_alarm__1_danger_alarm_39.wav,siren,train
siren/archive__danger_alarm__1_danger_alarm_469.wav,siren,train
siren/S-211024_S_101_C_041_0001.wav,siren,train
siren/archive__danger_alarm__1_danger_alarm_322.wav,siren,train
siren/archive__danger_alarm__1_danger_alarm_354.wav,siren,train
siren/archive__danger_alarm__1_danger_alarm_114.wav,siren,train
siren/S-211014_S_103_C_204_0001.wav,siren,train
siren/S-211107_S_103_C_018_0001.wav,siren,train
siren/S-211115_S_101_C_026_0001.wav,siren,train
siren/archive__danger_alarm__1_danger_alarm_121.wav,siren,train
siren/S-211014_S_103_C_217_0001.wav,siren,train
siren/archive__danger_alarm__1_danger_alarm_132.wav,siren,train
siren/S-211106_S_103_C_013_0001.wav,siren,train
siren/S-211109_S_103_C_001_0001.wav,siren,train
siren/archive__danger_alarm__1_danger_alarm_555.wav,siren,train
siren/archive__danger_alarm__1_danger_alarm_529.wav,siren,train
siren/archive__danger_alarm__1_danger_alarm_580.wav,siren,train
siren/archive__danger_alarm__1_danger_alarm_186.wav,siren,train
siren/archive__danger_alarm__1_danger_alarm_511.wav,siren,train
siren/archive__danger_alarm__1_danger_alarm_427.wav,siren,train
siren/archive__danger_alarm__1_danger_alarm_339.wav,siren,train
siren/S-211014_S_103_C_202_0001.wav,siren,train
siren/archive__danger_alarm__1_danger_alarm_203.wav,siren,train
siren/S-211107_S_102_C_028_0001.wav,siren,train
siren/archive__danger_alarm__1_danger_alarm_225.wav,siren,train
siren/archive__danger_alarm__1_danger_alarm_361.wav,siren,train
siren/S-211103_S_102_C_141_0001.wav,siren,train
siren/archive__danger_alarm__1_danger_alarm_241.wav,siren,train
siren/archive__danger_alarm__1_danger_alarm_352.wav,siren,train
siren/archive__danger_alarm__1_danger_alarm_380.wav,siren,train
siren/S-211104_S_103_C_002_0001.wav,siren,train
siren/archive__danger_alarm__1_danger_alarm_127.wav,siren,train
siren/S-211014_S_103_C_193_0001.wav,siren,train
siren/archive__danger_alarm__1_danger_alarm_518.wav,siren,train
siren/archive__danger_alarm__1_danger_alarm_505.wav,siren,train
siren/archive__danger_alarm__1_danger_alarm_309.wav,siren,train
siren/archive__danger_alarm__1_danger_alarm_420.wav,siren,train
siren/S-211014_S_103_C_280_0001.wav,siren,train
siren/S-211024_S_101_C_304_0001.wav,siren,train
siren/archive__danger_alarm__1_danger_alarm_492.wav,siren,train
siren/archive__danger_alarm__1_danger_alarm_91.wav,siren,train
siren/archive__danger_alarm__1_danger_alarm_35.wav,siren,train
siren/S-211024_S_101_C_001_0001.wav,siren,train
siren/archive__danger_alarm__1_danger_alarm_20.wav,siren,train
siren/archive__danger_alarm__1_danger_alarm_484.wav,siren,train
siren/archive__danger_alarm__1_danger_alarm_0.wav,siren,train
siren/archive__danger_alarm__1_danger_alarm_148.wav,siren,train
siren/S-211107_S_103_C_021_0001.wav,siren,train
siren/archive__danger_alarm__1_danger_alarm_275.wav,siren,train
siren/archive__danger_alarm__1_danger_alarm_56.wav,siren,train
siren/S-211024_S_101_C_237_0001.wav,siren,train
siren/archive__danger_alarm__1_danger_alarm_327.wav,siren,train
siren/S-211024_S_101_C_290_0001.wav,siren,train
siren/archive__danger_alarm__1_danger_alarm_119.wav,siren,train
siren/S-211026_S_101_C_005_0001.wav,siren,train
siren/archive__danger_alarm__1_danger_alarm_242.wav,siren,train
siren/S-211024_S_101_C_022_0001.wav,siren,train
siren/archive__danger_alarm__1_danger_alarm_181.wav,siren,train
siren/archive__danger_alarm__1_danger_alarm_269.wav,siren,train
siren/S-211103_S_102_C_245_0001.wav,siren,train
siren/archive__danger_alarm__1_danger_alarm_69.wav,siren,train
siren/S-211113_S_103_C_004_0001.wav,siren,train
siren/archive__danger_alarm__1_danger_alarm_596.wav,siren,train
siren/S-211103_S_102_C_239_0001.wav,siren,train
siren/archive__danger_alarm__1_danger_alarm_73.wav,siren,train
siren/archive__danger_alarm__1_danger_alarm_204.wav,siren,train
siren/archive__danger_alarm__1_danger_alarm_540.wav,siren,train
siren/archive__danger_alarm__1_danger_alarm_49.wav,siren,train
siren/S-211014_S_103_C_270_0001.wav,siren,train
siren/archive__danger_alarm__1_danger_alarm_493.wav,siren,train
siren/archive__danger_alarm__1_danger_alarm_18.wav,siren,train
siren/archive__danger_alarm__1_danger_alarm_51.wav,siren,train
siren/S-211014_S_103_C_128_0001.wav,siren,train
siren/archive__danger_alarm__1_danger_alarm_169.wav,siren,train
siren/S-211113_S_103_C_008_0001.wav,siren,train
siren/archive__danger_alarm__1_danger_alarm_324.wav,siren,train
siren/S-211127_S_102_C_066_0001.wav,siren,train
siren/archive__danger_alarm__1_danger_alarm_551.wav,siren,train
siren/archive__danger_alarm__1_danger_alarm_143.wav,siren,train
siren/archive__danger_alarm__1_danger_alarm_292.wav,siren,train
siren/archive__danger_alarm__1_danger_alarm_227.wav,siren,train
siren/S-211107_S_103_C_037_0001.wav,siren,train
siren/S-211103_S_102_C_124_0001.wav,siren,train
siren/S-211103_S_102_C_234_0001.wav,siren,train
siren/archive__danger_alarm__1_danger_alarm_210.wav,siren,train
siren/archive__danger_alarm__1_danger_alarm_364.wav,siren,train
siren/S-211014_S_103_C_150_0001.wav,siren,train
siren/archive__danger_alarm__1_danger_alarm_574.wav,siren,train
siren/archive__danger_alarm__1_danger_alarm_509.wav,siren,train
siren/S-211103_S_102_C_283_0001.wav,siren,train
siren/S-211014_S_103_C_166_0001.wav,siren,train
siren/archive__danger_alarm__1_danger_alarm_38.wav,siren,train
siren/archive__danger_alarm__1_danger_alarm_278.wav,siren,train
siren/archive__danger_alarm__1_danger_alarm_257.wav,siren,train
siren/archive__danger_alarm__1_danger_alarm_5.wav,siren,train
siren/S-211014_S_103_C_356_0001.wav,siren,train
siren/S-211115_S_101_C_202_0001.wav,siren,train
siren/archive__danger_alarm__1_danger_alarm_53.wav,siren,train
siren/S-211124_S_101_L_001_0001.wav,siren,train
siren/S-211108_S_103_C_006_0001.wav,siren,train
siren/S-211014_S_103_C_236_0001.wav,siren,train
siren/archive__danger_alarm__1_danger_alarm_591.wav,siren,train
siren/archive__danger_alarm__1_danger_alarm_470.wav,siren,train
siren/archive__danger_alarm__1_danger_alarm_83.wav,siren,train
siren/archive__danger_alarm__1_danger_alarm_173.wav,siren,train
siren/archive__danger_alarm__1_danger_alarm_391.wav,siren,train
siren/archive__danger_alarm__1_danger_alarm_198.wav,siren,train
siren/archive__danger_alarm__1_danger_alarm_520.wav,siren,train
siren/archive__danger_alarm__1_danger_alarm_84.wav,siren,train
siren/archive__danger_alarm__1_danger_alarm_362.wav,siren,train
siren/S-211106_S_103_C_015_0001.wav,siren,train
siren/S-211107_S_103_C_023_0001.wav,siren,train
siren/archive__danger_alarm__1_danger_alarm_248.wav,siren,train
siren/S-211024_S_101_C_049_0001.wav,siren,train
siren/S-211014_S_103_C_164_0001.wav,siren,train
siren/archive__danger_alarm__1_danger_alarm_287.wav,siren,train
siren/archive__danger_alarm__1_danger_alarm_475.wav,siren,train
siren/archive__danger_alarm__1_danger_alarm_92.wav,siren,train
siren/archive__danger_alarm__1_danger_alarm_42.wav,siren,train
siren/archive__danger_alarm__1_danger_alarm_259.wav,siren,train
siren/archive__danger_alarm__1_danger_alarm_59.wav,siren,train
siren/S-211014_S_103_C_283_0001.wav,siren,train
siren/S-211014_S_103_C_255_0001.wav,siren,train
siren/archive__danger_alarm__1_danger_alarm_130.wav,siren,train
siren/archive__danger_alarm__1_danger_alarm_588.wav,siren,train
siren/archive__danger_alarm__1_danger_alarm_142.wav,siren,train
siren/archive__danger_alarm__1_danger_alarm_375.wav,siren,train
siren/archive__danger_alarm__1_danger_alarm_136.wav,siren,train
siren/archive__danger_alarm__1_danger_alarm_459.wav,siren,train
siren/S-211103_S_102_C_208_0001.wav,siren,train
siren/S-211127_S_102_C_009_0001.wav,siren,train
siren/S-211107_S_102_C_025_0001.wav,siren,train
siren/S-211024_S_101_C_095_0001.wav,siren,train
siren/archive__danger_alarm__1_danger_alarm_320.wav,siren,train
siren/S-211014_S_103_C_138_0001.wav,siren,train
siren/S-211014_S_103_C_229_0001.wav,siren,train
siren/archive__danger_alarm__1_danger_alarm_519.wav,siren,train
siren/S-211024_S_101_C_292_0001.wav,siren,train
siren/archive__danger_alarm__1_danger_alarm_184.wav,siren,train
siren/archive__danger_alarm__1_danger_alarm_29.wav,siren,train
siren/archive__danger_alarm__1_danger_alarm_40.wav,siren,train
siren/archive__danger_alarm__1_danger_alarm_109.wav,siren,train
siren/S-211115_S_101_C_002_0001.wav,siren,train
siren/S-211024_S_101_C_258_0001.wav,siren,train
siren/archive__danger_alarm__1_danger_alarm_15.wav,siren,train
siren/S-211107_S_103_C_017_0001.wav,siren,train
siren/S-211024_S_101_C_264_0001.wav,siren,train
siren/archive__danger_alarm__1_danger_alarm_496.wav,siren,train
siren/archive__danger_alarm__1_danger_alarm_71.wav,siren,train
siren/S-211103_S_102_C_117_0001.wav,siren,train
siren/archive__danger_alarm__1_danger_alarm_575.wav,siren,train
siren/S-211014_S_103_C_218_0001.wav,siren,train
siren/S-211124_S_102_L_005_0001.wav,siren,train
siren/S-211103_S_102_C_163_0001.wav,siren,train
siren/archive__danger_alarm__1_danger_alarm_353.wav,siren,train
siren/S-211107_S_102_C_033_0001.wav,siren,train
siren/S-211024_S_101_C_066_0001.wav,siren,train
siren/archive__danger_alarm__1_danger_alarm_431.wav,siren,train
siren/archive__danger_alarm__1_danger_alarm_332.wav,siren,train
siren/S-211103_S_102_C_236_0001.wav,siren,train
siren/archive__danger_alarm__1_danger_alarm_595.wav,siren,train
siren/S-211014_S_103_C_140_0001.wav,siren,train
siren/archive__danger_alarm__1_danger_alarm_559.wav,siren,train
siren/archive__danger_alarm__1_danger_alarm_419.wav,siren,train
siren/S-211127_S_102_C_012_0001.wav,siren,train
siren/archive__danger_alarm__1_danger_alarm_428.wav,siren,train
siren/archive__danger_alarm__1_danger_alarm_564.wav,siren,train
siren/archive__danger_alarm__1_danger_alarm_402.wav,siren,train
siren/S-211024_S_101_C_014_0001.wav,siren,train
siren/S-211103_S_102_C_135_0001.wav,siren,train
siren/S-211103_S_102_C_233_0001.wav,siren,train
siren/archive__danger_alarm__1_danger_alarm_174.wav,siren,train
siren/S-211107_S_103_C_022_0001.wav,siren,train
siren/archive__danger_alarm__1_danger_alarm_190.wav,siren,train
siren/archive__danger_alarm__1_danger_alarm_376.wav,siren,train
siren/archive__danger_alarm__1_danger_alarm_182.wav,siren,train
siren/archive__danger_alarm__1_danger_alarm_494.wav,siren,train
siren/archive__danger_alarm__1_danger_alarm_19.wav,siren,train
siren/S-211127_S_102_C_026_0001.wav,siren,train
siren/S-211024_S_101_C_242_0001.wav,siren,train
siren/archive__danger_alarm__1_danger_alarm_317.wav,siren,train
siren/S-211106_S_103_C_008_0001.wav,siren,train
siren/archive__danger_alarm__1_danger_alarm_347.wav,siren,train
siren/S-211103_S_102_C_292_0001.wav,siren,train
siren/archive__danger_alarm__1_danger_alarm_400.wav,siren,train
siren/archive__danger_alarm__1_danger_alarm_47.wav,siren,train
siren/archive__danger_alarm__1_danger_alarm_581.wav,siren,train
siren/S-211024_S_101_C_262_0001.wav,siren,train
siren/S-211113_S_103_C_005_0001.wav,siren,train
siren/S-211103_S_102_C_153_0001.wav,siren,train
siren/archive__danger_alarm__1_danger_alarm_501.wav,siren,train
siren/S-211106_S_102_C_028_0001.wav,siren,train
siren/S-211024_S_101_C_303_0001.wav,siren,train
siren/archive__danger_alarm__1_danger_alarm_199.wav,siren,train
siren/S-211024_S_101_C_035_0001.wav,siren,train
siren/S-211127_S_102_C_010_0001.wav,siren,train
siren/archive__danger_alarm__1_danger_alarm_235.wav,siren,train
siren/archive__danger_alarm__1_danger_alarm_306.wav,siren,train
siren/S-211106_S_102_C_029_0001.wav,siren,train
siren/S-211103_S_102_C_274_0001.wav,siren,train
siren/archive__danger_alarm__1_danger_alarm_590.wav,siren,train
siren/archive__danger_alarm__1_danger_alarm_258.wav,siren,train
siren/S-211107_S_103_C_009_0001.wav,siren,train
siren/archive__danger_alarm__1_danger_alarm_266.wav,siren,train
siren/archive__danger_alarm__1_danger_alarm_302.wav,siren,train
siren/S-211024_S_101_C_256_0001.wav,siren,train
siren/S-211014_S_103_C_201_0001.wav,siren,train
siren/archive__danger_alarm__1_danger_alarm_87.wav,siren,train
siren/S-211103_S_102_C_257_0001.wav,siren,train
siren/S-211014_S_103_C_132_0001.wav,siren,train
siren/S-211103_S_102_C_169_0001.wav,siren,train
siren/S-211024_S_101_C_253_0001.wav,siren,train
siren/S-211024_S_101_C_234_0001.wav,siren,train
siren/S-211024_S_101_C_261_0001.wav,siren,train
siren/archive__danger_alarm__1_danger_alarm_123.wav,siren,train
siren/S-211124_S_101_L_002_0001.wav,siren,train
siren/archive__danger_alarm__1_danger_alarm_22.wav,siren,train
siren/archive__danger_alarm__1_danger_alarm_238.wav,siren,train
siren/S-211115_S_101_C_024_0001.wav,siren,train
siren/S-211112_S_102_C_004_0001.wav,siren,train
siren/archive__danger_alarm__1_danger_alarm_43.wav,siren,train
siren/S-211014_S_103_C_126_0001.wav,siren,train
siren/archive__danger_alarm__1_danger_alarm_584.wav,siren,train
siren/S-211127_S_102_C_022_0001.wav,siren,train
siren/archive__danger_alarm__1_danger_alarm_464.wav,siren,train
siren/S-211014_S_103_C_230_0001.wav,siren,train
siren/archive__danger_alarm__1_danger_alarm_378.wav,siren,train
siren/S-211014_S_103_C_143_0001.wav,siren,train
siren/archive__danger_alarm__1_danger_alarm_560.wav,siren,train
siren/archive__danger_alarm__1_danger_alarm_263.wav,siren,train
siren/S-211127_S_102_C_067_0001.wav,siren,train
siren/S-211107_S_103_C_015_0001.wav,siren,train
siren/archive__danger_alarm__1_danger_alarm_88.wav,siren,train
siren/archive__danger_alarm__1_danger_alarm_356.wav,siren,train
siren/S-211024_S_101_C_117_0001.wav,siren,train
siren/archive__danger_alarm__1_danger_alarm_115.wav,siren,train
siren/archive__danger_alarm__1_danger_alarm_512.wav,siren,train
siren/archive__danger_alarm__1_danger_alarm_528.wav,siren,train
siren/archive__danger_alarm__1_danger_alarm_404.wav,siren,train
siren/archive__danger_alarm__1_danger_alarm_430.wav,siren,train
siren/archive__danger_alarm__1_danger_alarm_383.wav,siren,train
siren/S-211106_S_103_C_016_0001.wav,siren,train
siren/archive__danger_alarm__1_danger_alarm_138.wav,siren,train
siren/archive__danger_alarm__1_danger_alarm_36.wav,siren,train
siren/archive__danger_alarm__1_danger_alarm_369.wav,siren,train
siren/archive__danger_alarm__1_danger_alarm_195.wav,siren,train
siren/S-211103_S_102_C_228_0001.wav,siren,train
siren/S-211014_S_101_C_004_0001.wav,siren,train
siren/archive__danger_alarm__1_danger_alarm_303.wav,siren,train
siren/S-211014_S_103_C_203_0001.wav,siren,train
siren/archive__danger_alarm__1_danger_alarm_530.wav,siren,train
siren/S-211124_S_102_L_004_0001.wav,siren,train
siren/S-211107_S_103_C_012_0001.wav,siren,train
siren/S-211103_S_102_C_316_0001.wav,siren,train
siren/S-211024_S_101_C_231_0001.wav,siren,train
siren/archive__danger_alarm__1_danger_alarm_32.wav,siren,train
siren/S-211107_S_103_C_218_0001.wav,siren,train
siren/S-211103_S_102_C_301_0001.wav,siren,train
siren/S-211124_S_101_L_008_0001.wav,siren,train
siren/S-211106_S_103_C_030_0001.wav,siren,train
siren/archive__danger_alarm__1_danger_alarm_85.wav,siren,train
siren/archive__danger_alarm__1_danger_alarm_270.wav,siren,train
siren/archive__danger_alarm__1_danger_alarm_261.wav,siren,train
siren/S-211014_S_103_C_258_0001.wav,siren,train
siren/archive__danger_alarm__1_danger_alarm_360.wav,siren,train
siren/archive__danger_alarm__1_danger_alarm_262.wav,siren,train
siren/archive__danger_alarm__1_danger_alarm_326.wav,siren,train
siren/S-211103_S_102_C_132_0001.wav,siren,train
siren/archive__danger_alarm__1_danger_alarm_223.wav,siren,train
siren/S-211103_S_102_C_286_0001.wav,siren,train
siren/archive__danger_alarm__1_danger_alarm_34.wav,siren,train
siren/S-211014_S_103_C_131_0001.wav,siren,train
siren/archive__danger_alarm__1_danger_alarm_344.wav,siren,train
siren/archive__danger_alarm__1_danger_alarm_323.wav,siren,train
siren/archive__danger_alarm__1_danger_alarm_120.wav,siren,train
siren/archive__danger_alarm__1_danger_alarm_265.wav,siren,train
siren/S-211014_S_103_C_281_0001.wav,siren,train
siren/archive__danger_alarm__1_danger_alarm_385.wav,siren,train
siren/archive__danger_alarm__1_danger_alarm_260.wav,siren,train
siren/archive__danger_alarm__1_danger_alarm_104.wav,siren,train
siren/archive__danger_alarm__1_danger_alarm_159.wav,siren,train
siren/S-211014_S_103_C_145_0001.wav,siren,train
siren/S-211112_S_102_C_005_0001.wav,siren,train
siren/archive__danger_alarm__1_danger_alarm_102.wav,siren,train
siren/S-211014_S_103_C_136_0001.wav,siren,train
siren/S-211024_S_101_C_157_0001.wav,siren,train
siren/S-211024_S_101_C_257_0001.wav,siren,train
siren/archive__danger_alarm__1_danger_alarm_175.wav,siren,train
siren/S-211115_S_101_C_004_0001.wav,siren,train
siren/S-211024_S_101_C_228_0001.wav,siren,train
siren/archive__danger_alarm__1_danger_alarm_211.wav,siren,train
siren/S-211106_S_102_C_026_0001.wav,siren,train
siren/archive__danger_alarm__1_danger_alarm_293.wav,siren,train
siren/archive__danger_alarm__1_danger_alarm_110.wav,siren,train
siren/archive__danger_alarm__1_danger_alarm_308.wav,siren,train
siren/archive__danger_alarm__1_danger_alarm_296.wav,siren,train
siren/archive__danger_alarm__1_danger_alarm_55.wav,siren,train
siren/archive__danger_alarm__1_danger_alarm_25.wav,siren,train
siren/S-211106_S_103_C_031_0001.wav,siren,train
siren/archive__danger_alarm__1_danger_alarm_232.wav,siren,train
siren/archive__danger_alarm__1_danger_alarm_368.wav,siren,train
siren/S-211106_S_102_C_020_0001.wav,siren,train
siren/S-211014_S_103_C_214_0001.wav,siren,train
siren/archive__danger_alarm__1_danger_alarm_81.wav,siren,train
siren/S-211007_S_101_D_001_0001.wav,siren,train
siren/archive__danger_alarm__1_danger_alarm_412.wav,siren,train
siren/archive__danger_alarm__1_danger_alarm_443.wav,siren,train
siren/S-211107_S_103_C_215_0001.wav,siren,train
siren/archive__danger_alarm__1_danger_alarm_414.wav,siren,train
siren/archive__danger_alarm__1_danger_alarm_30.wav,siren,train
siren/S-211014_S_103_C_285_0001.wav,siren,train
siren/S-211113_S_103_D_009_0001.wav,siren,train
siren/archive__danger_alarm__1_danger_alarm_434.wav,siren,train
siren/archive__danger_alarm__1_danger_alarm_429.wav,siren,train
siren/S-211014_S_103_C_134_0001.wav,siren,train
siren/S-211124_S_102_L_001_0001.wav,siren,train
siren/archive__danger_alarm__1_danger_alarm_487.wav,siren,train
siren/archive__danger_alarm__1_danger_alarm_319.wav,siren,train
siren/S-211126_S_102_C_048_0001.wav,siren,train
siren/archive__danger_alarm__1_danger_alarm_113.wav,siren,train
siren/archive__danger_alarm__1_danger_alarm_243.wav,siren,train
siren/archive__danger_alarm__1_danger_alarm_558.wav,siren,train
siren/archive__danger_alarm__1_danger_alarm_79.wav,siren,train
siren/S-211014_S_103_C_275_0001.wav,siren,train
siren/archive__danger_alarm__1_danger_alarm_348.wav,siren,train
siren/archive__danger_alarm__1_danger_alarm_547.wav,siren,train
siren/archive__danger_alarm__1_danger_alarm_589.wav,siren,train
siren/S-211106_S_103_C_017_0001.wav,siren,train
siren/S-211115_S_101_C_003_0001.wav,siren,train
siren/archive__danger_alarm__1_danger_alarm_386.wav,siren,train
siren/archive__danger_alarm__1_danger_alarm_58.wav,siren,train
siren/archive__danger_alarm__1_danger_alarm_157.wav,siren,train
siren/archive__danger_alarm__1_danger_alarm_280.wav,siren,train
siren/archive__danger_alarm__1_danger_alarm_250.wav,siren,train
siren/archive__danger_alarm__1_danger_alarm_172.wav,siren,train
siren/S-211014_S_103_C_194_0001.wav,siren,train
siren/archive__danger_alarm__1_danger_alarm_578.wav,siren,train
siren/archive__danger_alarm__1_danger_alarm_289.wav,siren,train
siren/archive__danger_alarm__1_danger_alarm_297.wav,siren,train
siren/archive__danger_alarm__1_danger_alarm_249.wav,siren,train
siren/archive__danger_alarm__1_danger_alarm_473.wav,siren,train
siren/archive__danger_alarm__1_danger_alarm_206.wav,siren,train
siren/S-211124_S_101_L_004_0001.wav,siren,train
siren/archive__danger_alarm__1_danger_alarm_108.wav,siren,train
siren/S-211124_S_102_L_007_0001.wav,siren,train
siren/S-211103_S_102_C_197_0001.wav,siren,train
siren/archive__danger_alarm__1_danger_alarm_598.wav,siren,train
siren/archive__danger_alarm__1_danger_alarm_526.wav,siren,train
siren/S-211127_S_102_C_025_0001.wav,siren,train
siren/archive__danger_alarm__1_danger_alarm_103.wav,siren,train
siren/archive__danger_alarm__1_danger_alarm_240.wav,siren,train
siren/S-211024_S_101_C_243_0001.wav,siren,train
siren/archive__danger_alarm__1_danger_alarm_304.wav,siren,train
siren/S-211104_S_103_C_006_0001.wav,siren,train
siren/archive__danger_alarm__1_danger_alarm_72.wav,siren,train
siren/S-211024_S_101_C_001_0002.wav,siren,train
siren/archive__danger_alarm__1_danger_alarm_458.wav,siren,train
siren/archive__danger_alarm__1_danger_alarm_592.wav,siren,train
siren/archive__danger_alarm__1_danger_alarm_444.wav,siren,train
siren/archive__danger_alarm__1_danger_alarm_279.wav,siren,val
siren/S-211103_S_102_C_254_0001.wav,siren,val
siren/archive__danger_alarm__1_danger_alarm_510.wav,siren,val
siren/S-211113_S_103_D_002_0001.wav,siren,val
siren/archive__danger_alarm__1_danger_alarm_471.wav,siren,val
siren/S-211103_S_103_C_003_0001.wav,siren,val
siren/archive__danger_alarm__1_danger_alarm_374.wav,siren,val
siren/archive__danger_alarm__1_danger_alarm_593.wav,siren,val
siren/archive__danger_alarm__1_danger_alarm_394.wav,siren,val
siren/archive__danger_alarm__1_danger_alarm_432.wav,siren,val
siren/archive__danger_alarm__1_danger_alarm_556.wav,siren,val
siren/archive__danger_alarm__1_danger_alarm_283.wav,siren,val
siren/archive__danger_alarm__1_danger_alarm_33.wav,siren,val
siren/archive__danger_alarm__1_danger_alarm_417.wav,siren,val
siren/archive__danger_alarm__1_danger_alarm_13.wav,siren,val
siren/archive__danger_alarm__1_danger_alarm_161.wav,siren,val
siren/archive__danger_alarm__1_danger_alarm_524.wav,siren,val
siren/archive__danger_alarm__1_danger_alarm_382.wav,siren,val
siren/archive__danger_alarm__1_danger_alarm_7.wav,siren,val
siren/archive__danger_alarm__1_danger_alarm_405.wav,siren,val
siren/S-211127_S_103_C_060_0001.wav,siren,val
siren/archive__danger_alarm__1_danger_alarm_189.wav,siren,val
siren/archive__danger_alarm__1_danger_alarm_377.wav,siren,val
siren/archive__danger_alarm__1_danger_alarm_531.wav,siren,val
siren/archive__danger_alarm__1_danger_alarm_77.wav,siren,val
siren/archive__danger_alarm__1_danger_alarm_60.wav,siren,val
siren/archive__danger_alarm__1_danger_alarm_333.wav,siren,val
siren/S-211014_S_103_C_215_0001.wav,siren,val
siren/archive__danger_alarm__1_danger_alarm_253.wav,siren,val
siren/S-211014_S_103_C_219_0001.wav,siren,val
siren/archive__danger_alarm__1_danger_alarm_193.wav,siren,val
siren/S-211106_S_102_C_019_0001.wav,siren,val
siren/S-211103_S_102_C_191_0001.wav,siren,val
siren/archive__danger_alarm__1_danger_alarm_532.wav,siren,val
siren/S-211024_S_101_C_229_0001.wav,siren,val
siren/archive__danger_alarm__1_danger_alarm_6.wav,siren,val
siren/S-211014_S_103_C_240_0001.wav,siren,val
siren/archive__danger_alarm__1_danger_alarm_384.wav,siren,val
siren/S-211106_S_103_C_011_0001.wav,siren,val
siren/archive__danger_alarm__1_danger_alarm_465.wav,siren,val
siren/S-211014_S_103_C_269_0001.wav,siren,val
siren/archive__danger_alarm__1_danger_alarm_252.wav,siren,val
siren/archive__danger_alarm__1_danger_alarm_183.wav,siren,val
siren/S-211014_S_103_C_199_0001.wav,siren,val
siren/S-211024_S_101_C_255_0001.wav,siren,val
siren/S-211014_S_103_C_221_0001.wav,siren,val
siren/S-211103_S_102_C_215_0001.wav,siren,val
siren/archive__danger_alarm__1_danger_alarm_358.wav,siren,val
siren/archive__danger_alarm__1_danger_alarm_164.wav,siren,val
siren/S-211103_S_102_C_259_0001.wav,siren,val
siren/S-211115_S_101_C_204_0001.wav,siren,val
siren/S-211014_S_103_C_222_0001.wav,siren,val
siren/S-211106_S_102_C_023_0001.wav,siren,val
siren/archive__danger_alarm__1_danger_alarm_126.wav,siren,val
siren/archive__danger_alarm__1_danger_alarm_372.wav,siren,val
siren/S-211014_S_103_C_151_0001.wav,siren,val
siren/archive__danger_alarm__1_danger_alarm_486.wav,siren,val
siren/archive__danger_alarm__1_danger_alarm_548.wav,siren,val
siren/S-211107_S_103_C_011_0001.wav,siren,val
siren/archive__danger_alarm__1_danger_alarm_3.wav,siren,val
siren/S-211014_S_103_C_161_0001.wav,siren,val
siren/archive__danger_alarm__1_danger_alarm_217.wav,siren,val
siren/archive__danger_alarm__1_danger_alarm_533.wav,siren,val
siren/archive__danger_alarm__1_danger_alarm_421.wav,siren,val
siren/archive__danger_alarm__1_danger_alarm_474.wav,siren,val
siren/archive__danger_alarm__1_danger_alarm_268.wav,siren,val
siren/archive__danger_alarm__1_danger_alarm_506.wav,siren,val
siren/S-211024_S_101_C_079_0001.wav,siren,val
siren/archive__danger_alarm__1_danger_alarm_131.wav,siren,val
siren/archive__danger_alarm__1_danger_alarm_413.wav,siren,val
siren/archive__danger_alarm__1_danger_alarm_446.wav,siren,val
siren/archive__danger_alarm__1_danger_alarm_97.wav,siren,val
siren/S-211024_S_101_C_112_0001.wav,siren,val
siren/archive__danger_alarm__1_danger_alarm_305.wav,siren,val
siren/archive__danger_alarm__1_danger_alarm_535.wav,siren,val
siren/S-211014_S_103_C_355_0001.wav,siren,val
siren/archive__danger_alarm__1_danger_alarm_508.wav,siren,val
siren/archive__danger_alarm__1_danger_alarm_343.wav,siren,val
siren/archive__danger_alarm__1_danger_alarm_499.wav,siren,val
siren/S-211107_S_103_C_036_0001.wav,siren,val
siren/archive__danger_alarm__1_danger_alarm_12.wav,siren,val
siren/S-211014_S_103_C_361_0001.wav,siren,val
siren/archive__danger_alarm__1_danger_alarm_349.wav,siren,val
siren/archive__danger_alarm__1_danger_alarm_149.wav,siren,val
siren/archive__danger_alarm__1_danger_alarm_66.wav,siren,val
siren/S-211014_S_103_C_286_0001.wav,siren,val
siren/archive__danger_alarm__1_danger_alarm_28.wav,siren,val
siren/archive__danger_alarm__1_danger_alarm_27.wav,siren,val
siren/archive__danger_alarm__1_danger_alarm_466.wav,siren,val
siren/S-211107_S_102_C_027_0001.wav,siren,val
siren/S-211014_S_103_C_365_0001.wav,siren,val
siren/S-211115_S_101_C_018_0001.wav,siren,val
siren/archive__danger_alarm__1_danger_alarm_408.wav,siren,val
siren/archive__danger_alarm__1_danger_alarm_504.wav,siren,val
siren/archive__danger_alarm__1_danger_alarm_479.wav,siren,val
siren/S-211127_S_102_C_013_0001.wav,siren,val
siren/archive__danger_alarm__1_danger_alarm_246.wav,siren,val
siren/archive__danger_alarm__1_danger_alarm_202.wav,siren,val
siren/archive__danger_alarm__1_danger_alarm_80.wav,siren,val
siren/archive__danger_alarm__1_danger_alarm_396.wav,siren,val
siren/archive__danger_alarm__1_danger_alarm_230.wav,siren,val
siren/archive__danger_alarm__1_danger_alarm_41.wav,siren,val
siren/archive__danger_alarm__1_danger_alarm_365.wav,siren,val
siren/archive__danger_alarm__1_danger_alarm_335.wav,siren,val
siren/archive__danger_alarm__1_danger_alarm_145.wav,siren,val
siren/archive__danger_alarm__1_danger_alarm_150.wav,siren,val
siren/archive__danger_alarm__1_danger_alarm_219.wav,siren,val
siren/S-211103_S_102_C_250_0001.wav,siren,val
siren/S-211014_S_103_C_242_0001.wav,siren,val
siren/archive__danger_alarm__1_danger_alarm_94.wav,siren,val
siren/archive__danger_alarm__1_danger_alarm_158.wav,siren,val
siren/S-211014_S_103_C_235_0001.wav,siren,val
siren/archive__danger_alarm__1_danger_alarm_89.wav,siren,val
siren/archive__danger_alarm__1_danger_alarm_75.wav,siren,val
siren/archive__danger_alarm__1_danger_alarm_185.wav,siren,val
siren/archive__danger_alarm__1_danger_alarm_8.wav,siren,val
siren/archive__danger_alarm__1_danger_alarm_554.wav,siren,val
siren/archive__danger_alarm__1_danger_alarm_415.wav,siren,val
siren/S-211014_S_103_C_359_0001.wav,siren,val
siren/archive__danger_alarm__1_danger_alarm_359.wav,siren,val
siren/S-211024_S_101_C_074_0001.wav,siren,val
siren/archive__danger_alarm__1_danger_alarm_567.wav,siren,val
siren/archive__danger_alarm__1_danger_alarm_118.wav,siren,val
siren/archive__danger_alarm__1_danger_alarm_168.wav,siren,val
siren/archive__danger_alarm__1_danger_alarm_44.wav,siren,val
siren/S-211107_S_103_C_010_0001.wav,siren,val
siren/S-211014_S_103_C_195_0001.wav,siren,val
siren/archive__danger_alarm__1_danger_alarm_536.wav,siren,val
siren/archive__danger_alarm__1_danger_alarm_93.wav,siren,val
siren/S-211106_S_102_C_027_0001.wav,siren,val
siren/S-211127_S_102_C_065_0001.wav,siren,val
siren/archive__danger_alarm__1_danger_alarm_527.wav,siren,val
siren/S-211024_S_101_C_263_0001.wav,siren,val
siren/archive__danger_alarm__1_danger_alarm_452.wav,siren,val
siren/archive__danger_alarm__1_danger_alarm_399.wav,siren,val
siren/archive__danger_alarm__1_danger_alarm_147.wav,siren,val
siren/S-211014_S_103_C_148_0001.wav,siren,val
siren/archive__danger_alarm__1_danger_alarm_342.wav,siren,val
siren/archive__danger_alarm__1_danger_alarm_224.wav,siren,val
siren/S-211026_S_101_C_003_0001.wav,siren,val
siren/archive__danger_alarm__1_danger_alarm_65.wav,siren,val
siren/archive__danger_alarm__1_danger_alarm_534.wav,siren,val
siren/S-211124_S_101_L_003_0001.wav,siren,val
siren/S-211103_S_102_C_279_0001.wav,siren,val
siren/S-211024_S_101_C_045_0001.wav,siren,val
siren/S-211014_S_103_C_250_0001.wav,siren,val
siren/S-211103_S_102_C_214_0001.wav,siren,val
siren/archive__danger_alarm__1_danger_alarm_312.wav,siren,val
siren/archive__danger_alarm__1_danger_alarm_214.wav,siren,val
siren/archive__danger_alarm__1_danger_alarm_521.wav,siren,val
siren/archive__danger_alarm__1_danger_alarm_82.wav,siren,val
siren/archive__danger_alarm__1_danger_alarm_447.wav,siren,test
siren/S-211014_S_103_C_220_0001.wav,siren,test
siren/archive__danger_alarm__1_danger_alarm_451.wav,siren,test
siren/archive__danger_alarm__1_danger_alarm_515.wav,siren,test
siren/S-211014_S_103_C_216_0001.wav,siren,test
siren/archive__danger_alarm__1_danger_alarm_401.wav,siren,test
siren/archive__danger_alarm__1_danger_alarm_271.wav,siren,test
siren/S-211106_S_102_C_022_0001.wav,siren,test
siren/archive__danger_alarm__1_danger_alarm_516.wav,siren,test
siren/S-211024_S_101_C_038_0001.wav,siren,test
siren/archive__danger_alarm__1_danger_alarm_557.wav,siren,test
siren/S-211024_S_101_C_285_0001.wav,siren,test
siren/S-211024_S_101_C_110_0001.wav,siren,test
siren/S-211014_S_103_C_149_0001.wav,siren,test
siren/archive__danger_alarm__1_danger_alarm_295.wav,siren,test
siren/archive__danger_alarm__1_danger_alarm_247.wav,siren,test
siren/S-211014_S_101_C_003_0001.wav,siren,test
siren/S-211103_S_102_C_319_0001.wav,siren,test
siren/S-211124_S_102_L_002_0001.wav,siren,test
siren/archive__danger_alarm__1_danger_alarm_160.wav,siren,test
siren/S-211014_S_103_C_288_0001.wav,siren,test
siren/S-211014_S_103_C_360_0001.wav,siren,test
siren/S-211127_S_103_C_059_0001.wav,siren,test
siren/S-211103_S_102_C_139_0001.wav,siren,test
siren/archive__danger_alarm__1_danger_alarm_550.wav,siren,test
siren/S-211103_S_103_C_004_0001.wav,siren,test
siren/S-211014_S_103_C_152_0001.wav,siren,test
siren/archive__danger_alarm__1_danger_alarm_340.wav,siren,test
siren/archive__danger_alarm__1_danger_alarm_139.wav,siren,test
siren/S-211103_S_102_C_269_0001.wav,siren,test
siren/archive__danger_alarm__1_danger_alarm_449.wav,siren,test
siren/archive__danger_alarm__1_danger_alarm_298.wav,siren,test
siren/archive__danger_alarm__1_danger_alarm_586.wav,siren,test
siren/S-211014_S_103_C_139_0001.wav,siren,test
siren/archive__danger_alarm__1_danger_alarm_351.wav,siren,test
siren/S-211103_S_102_C_230_0001.wav,siren,test
siren/S-211107_S_103_C_221_0001.wav,siren,test
siren/archive__danger_alarm__1_danger_alarm_436.wav,siren,test
siren/S-211014_S_103_C_277_0001.wav,siren,test
siren/S-211103_S_102_C_235_0001.wav,siren,test
siren/archive__danger_alarm__1_danger_alarm_438.wav,siren,test
siren/archive__danger_alarm__1_danger_alarm_180.wav,siren,test
siren/archive__danger_alarm__1_danger_alarm_154.wav,siren,test
siren/archive__danger_alarm__1_danger_alarm_454.wav,siren,test
siren/archive__danger_alarm__1_danger_alarm_50.wav,siren,test
siren/archive__danger_alarm__1_danger_alarm_495.wav,siren,test
siren/archive__danger_alarm__1_danger_alarm_200.wav,siren,test
siren/archive__danger_alarm__1_danger_alarm_78.wav,siren,test
siren/archive__danger_alarm__1_danger_alarm_573.wav,siren,test
siren/archive__danger_alarm__1_danger_alarm_441.wav,siren,test
siren/archive__danger_alarm__1_danger_alarm_170.wav,siren,test
siren/archive__danger_alarm__1_danger_alarm_90.wav,siren,test
siren/S-211103_S_102_C_287_0001.wav,siren,test
siren/archive__danger_alarm__1_danger_alarm_410.wav,siren,test
siren/archive__danger_alarm__1_danger_alarm_433.wav,siren,test
siren/S-211024_S_101_C_283_0001.wav,siren,test
siren/archive__danger_alarm__1_danger_alarm_568.wav,siren,test
siren/S-211020_S_101_C_001_0001.wav,siren,test
siren/archive__danger_alarm__1_danger_alarm_460.wav,siren,test
siren/S-211024_S_101_C_254_0001.wav,siren,test
siren/S-211106_S_102_C_025_0001.wav,siren,test
siren/S-211126_S_102_C_046_0001.wav,siren,test
siren/archive__danger_alarm__1_danger_alarm_576.wav,siren,test
siren/S-211106_S_103_C_009_0001.wav,siren,test
siren/archive__danger_alarm__1_danger_alarm_569.wav,siren,test
siren/archive__danger_alarm__1_danger_alarm_10.wav,siren,test
siren/archive__danger_alarm__1_danger_alarm_594.wav,siren,test
siren/archive__danger_alarm__1_danger_alarm_549.wav,siren,test
siren/archive__danger_alarm__1_danger_alarm_162.wav,siren,test
siren/S-211024_S_101_C_251_0001.wav,siren,test
siren/archive__danger_alarm__1_danger_alarm_86.wav,siren,test
siren/archive__danger_alarm__1_danger_alarm_105.wav,siren,test
siren/S-211015_S_103_C_008_0001.wav,siren,test
siren/archive__danger_alarm__1_danger_alarm_178.wav,siren,test
siren/S-211107_S_103_C_020_0001.wav,siren,test
siren/S-211103_S_103_C_006_0001.wav,siren,test
siren/archive__danger_alarm__1_danger_alarm_218.wav,siren,test
siren/archive__danger_alarm__1_danger_alarm_67.wav,siren,test
siren/S-211124_S_102_L_006_0001.wav,siren,test
siren/S-211014_S_103_C_252_0001.wav,siren,test
siren/archive__danger_alarm__1_danger_alarm_416.wav,siren,test
siren/archive__danger_alarm__1_danger_alarm_422.wav,siren,test
siren/archive__danger_alarm__1_danger_alarm_389.wav,siren,test
siren/S-211024_S_101_C_236_0001.wav,siren,test
siren/archive__danger_alarm__1_danger_alarm_409.wav,siren,test
siren/archive__danger_alarm__1_danger_alarm_4.wav,siren,test
siren/archive__danger_alarm__1_danger_alarm_543.wav,siren,test
siren/archive__danger_alarm__1_danger_alarm_128.wav,siren,test
siren/S-211107_S_102_C_032_0001.wav,siren,test
siren/archive__danger_alarm__1_danger_alarm_476.wav,siren,test
siren/archive__danger_alarm__1_danger_alarm_455.wav,siren,test
siren/S-211107_S_103_C_222_0001.wav,siren,test
siren/archive__danger_alarm__1_danger_alarm_233.wav,siren,test
siren/archive__danger_alarm__1_danger_alarm_179.wav,siren,test
siren/S-211024_S_101_C_235_0001.wav,siren,test
siren/S-211107_S_103_C_019_0001.wav,siren,test
siren/archive__danger_alarm__1_danger_alarm_538.wav,siren,test
siren/archive__danger_alarm__1_danger_alarm_151.wav,siren,test
siren/archive__danger_alarm__1_danger_alarm_286.wav,siren,test
siren/archive__danger_alarm__1_danger_alarm_403.wav,siren,test
siren/archive__danger_alarm__1_danger_alarm_390.wav,siren,test
siren/archive__danger_alarm__1_danger_alarm_156.wav,siren,test
siren/archive__danger_alarm__1_danger_alarm_152.wav,siren,test
siren/S-211127_S_102_C_014_0001.wav,siren,test
siren/archive__danger_alarm__1_danger_alarm_31.wav,siren,test
siren/S-211014_S_103_C_162_0001.wav,siren,test
siren/archive__danger_alarm__1_danger_alarm_393.wav,siren,test
siren/archive__danger_alarm__1_danger_alarm_24.wav,siren,test
siren/S-211107_S_102_C_030_0001.wav,siren,test
siren/archive__danger_alarm__1_danger_alarm_196.wav,siren,test
siren/S-211024_S_101_C_233_0001.wav,siren,test
siren/archive__danger_alarm__1_danger_alarm_215.wav,siren,test
siren/S-211103_S_102_C_281_0001.wav,siren,test
siren/S-211014_S_103_C_260_0001.wav,siren,test
siren/S-211106_S_103_C_012_0001.wav,siren,test
siren/S-211024_S_101_C_265_0001.wav,siren,test
siren/archive__danger_alarm__1_danger_alarm_146.wav,siren,test
siren/archive__danger_alarm__1_danger_alarm_437.wav,siren,test
siren/archive__danger_alarm__1_danger_alarm_478.wav,siren,test
siren/S-211127_S_103_C_058_0001.wav,siren,test
siren/S-211014_S_103_C_251_0001.wav,siren,test
siren/archive__danger_alarm__1_danger_alarm_418.wav,siren,test
siren/S-211014_S_103_C_223_0001.wav,siren,test
siren/S-211014_S_103_C_362_0001.wav,siren,test
siren/archive__danger_alarm__1_danger_alarm_135.wav,siren,test
siren/archive__danger_alarm__1_danger_alarm_213.wav,siren,test
siren/S-211103_S_102_C_180_0001.wav,siren,test
siren/archive__danger_alarm__1_danger_alarm_112.wav,siren,test
siren/S-211024_S_101_C_115_0001.wav,siren,test
siren/S-211014_S_103_C_241_0001.wav,siren,test
siren/archive__danger_alarm__1_danger_alarm_9.wav,siren,test
siren/S-211127_S_102_C_061_0001.wav,siren,test
siren/archive__danger_alarm__1_danger_alarm_355.wav,siren,test
siren/archive__danger_alarm__1_danger_alarm_500.wav,siren,test
siren/S-211024_S_101_C_002_0001.wav,siren,test
siren/archive__danger_alarm__1_danger_alarm_48.wav,siren,test
siren/S-211103_S_102_C_200_0001.wav,siren,test
siren/archive__danger_alarm__1_danger_alarm_338.wav,siren,test
siren/S-211127_S_102_C_062_0001.wav,siren,test
siren/S-211103_S_102_C_272_0001.wav,siren,test
siren/archive__danger_alarm__1_danger_alarm_424.wav,siren,test
siren/S-211106_S_102_C_021_0001.wav,siren,test
siren/archive__danger_alarm__1_danger_alarm_95.wav,siren,test
siren/archive__danger_alarm__1_danger_alarm_491.wav,siren,test
siren/archive__danger_alarm__1_danger_alarm_381.wav,siren,test
siren/S-211127_S_102_C_011_0001.wav,siren,test
siren/S-211014_S_103_C_127_0001.wav,siren,test
siren/archive__danger_alarm__1_danger_alarm_542.wav,siren,test
siren/archive__danger_alarm__1_danger_alarm_221.wav,siren,test
siren/S-211024_S_101_C_260_0001.wav,siren,test
siren/archive__danger_alarm__1_danger_alarm_166.wav,siren,test
siren/S-211103_S_102_C_118_0001.wav,siren,test
