{
  "total_files": 2000,
  "folds": [
    1,
    2,
    3,
    4,
    5
  ],
  "class_count": 50,
  "topk_analyzed": 5,
  "top1_accuracy": 0.9425,
  "macro_precision": 0.9441647704480638,
  "macro_recall": 0.9425,
  "macro_f1": 0.9425043610739755,
  "weighted_f1": 0.9425043610739757,
  "mean_reciprocal_rank": 0.9577,
  "average_top1_score": 0.955514620937407,
  "average_top1_score_when_correct": 0.9763252140593466,
  "average_top1_score_when_incorrect": 0.6144018554169198,
  "average_inference_time_ms": 0.3901120499976969,
  "median_inference_time_ms": 0.17299374985668692,
  "topk_hit_rates": {
    "hit@1": 0.9425,
    "hit@2": 0.9575,
    "hit@3": 0.974,
    "hit@4": 0.98,
    "hit@5": 0.9835
  }
}