model,note,device,dtype,batch_size,params_m,input_shape,mean_ms,median_ms,p90_ms,p95_ms,min_ms,max_ms,throughput_items_s,realtime_x_10s_audio,peak_cuda_mem_mb,ram_used_percent,cpu_percent,status
cnn_tiny,small spectrogram CNN,cuda,fp16-autocast,1,0.165375,"(1, 1, 128, 313)",1.8865980999726162,1.8777529999169928,1.9412557999203273,1.9557262003672804,1.8149509996874258,2.0040760000483715,530.0545993418074,,10.85791015625,71.2,32.1,ok
cnn_small,EfficientAT/PANNs-small style CNN load,cuda,fp16-autocast,1,0.523759,"(1, 1, 128, 313)",1.9968457199865952,1.93551399934222,2.207657799954177,2.3363997998785635,1.8878500004575471,2.424788999633165,500.7898156532158,,14.8056640625,71.3,19.7,ok
audio_cnn,10 second 16 kHz raw-audio CNN,cuda,fp16-autocast,1,1.476719,"(1, 1, 160000)",2.808062300009624,2.789901000141981,3.144373000759515,3.6410096000054155,2.264882000417856,4.065369000272767,356.117455085157,3561.1745508515705,27.77685546875,71.9,30.7,ok
transformer_tiny,tiny AST/ViT-like encoder,cuda,fp16-autocast,1,1.881551,"(1, 196, 192)",6.490775879974535,6.487166499937302,6.545042199832096,6.573907750362196,6.389260000105423,6.621393000386888,154.0647864741747,,20.63427734375,72.0,29.0,ok
