model,note,device,dtype,batch_size,params_m,input_shape,mean_ms,median_ms,p90_ms,p95_ms,min_ms,max_ms,throughput_items_s,realtime_x_10s_audio,peak_cuda_mem_mb,ram_used_percent,cpu_percent,status
cnn_tiny,small spectrogram CNN,cpu,fp32,1,0.165375,"(1, 1, 128, 313)",14.458668499969463,15.231777500048338,20.10621569943396,21.009862849541605,4.710600999715098,21.91350999964925,69.16266183169716,,,71.2,66.7,ok
cnn_small,EfficientAT/PANNs-small style CNN load,cpu,fp32,1,0.523759,"(1, 1, 128, 313)",32.03921787496711,29.099124999902415,43.23590180010797,48.0521208999562,22.58126800006721,52.86833999980445,31.211748173831683,,,71.2,71.6,ok
cnn_medium,heavier image/spectrogram CNN,cpu,fp32,1,2.913631,"(1, 1, 224, 224)",42.03965562510348,41.620570499617315,45.46625860066342,46.86468780068935,37.53062399937335,48.26311700071528,23.787064502090306,,,71.3,69.4,ok
audio_cnn,10 second 16 kHz raw-audio CNN,cpu,fp32,1,1.476719,"(1, 1, 160000)",58.547853749928436,56.354592999923625,67.0063843997923,69.13428570023825,50.947689000167884,71.26218700068421,17.08004539792754,170.80045397927543,,71.4,71.9,ok
transformer_tiny,tiny AST/ViT-like encoder,cpu,fp32,1,1.881551,"(1, 196, 192)",62.24905949989079,59.163567499581404,73.1219274999603,76.12081674988076,52.45050600024115,79.11970599980123,16.064499737570404,,,71.4,72.2,ok
transformer_small,small AST/ViT-like encoder,cpu,fp32,1,10.850447,"(1, 196, 384)",232.5024323750995,226.41021699973862,279.94742660021075,285.21450030025335,179.62362800062692,290.48157400029595,4.301030272176619,,,72.1,73.5,ok
